DonorOrganization,RecipientCandidateNameNormalized,Total,bioguide_id,thomas_id,govtrack_id,fec_id,fec_id2,fec_id3
Retired,Elizabeth Warren,4051935,W000817,2182,412542,S2MA00170,,
None,Mark Kirk,3435970,K000360,1647,400222,S0IL00261,H0IL10120,
Self Employed,Elizabeth Warren,3385280,W000817,2182,412542,S2MA00170,,
Pacur, Inc,Ronald Harold Johnson,3196781,J000293,2086,412496,S0WI00197,,
Not Available,Charles Schumer,3177723,S000148,1036,300087,S8NY00082,H0NY16010,
Not Available,Timothy Michael Kaine,3113174,K000384,2176,412582,S2VA00142,,
Not Employed,Sherrod Brown,3059300,B000944,136,400050,S6OH00163,H2OH13033,
Self Employed,David Perdue,2955834,P000612,2286,412666,S4GA11285,,
Not Available,Rob Portman,2833140,P000449,924,400325,S0OH00133,H4OH02032,
Self Employed,Kirsten Gillibrand,2804438,G000555,1866,412223,S0NY00410,H6NY20167,
Not Employed,Cory A Booker,2500805,B001288,2194,412598,S4NJ00185,,
Self Employed,Patrick Joseph Toomey,2459222,T000461,2085,400408,S4PA00121,H8PA15096,
Not Available,Harry Reid,2320760,R000146,952,300082,S6NV00028,,
Self Employed,Barbara Boxer,2282499,B000711,116,300011,S2CA00286,H2CA06028,P80003247
None,David Perdue,2260758,P000612,2286,412666,S4GA11285,,
Not Available,Al Franken,2224839,F000457,1969,412378,S8MN00438,,
Self Employed,Claire Mccaskill,2157906,M001170,1820,412243,S6MO00305,P80005721,
Self Employed,Mitch Mcconnell,2101583,M000355,1395,300072,S2KY00012,,
Not Employed,Kirsten Gillibrand,2077533,G000555,1866,412223,S0NY00410,H6NY20167,
Not Available,Mark Robert Warner,2074629,W000805,1897,412321,S6VA00093,P80003023,
None,John Cornyn,2024897,C001056,1692,300027,S2TX00106,,
Not Available,Bob Corker,1952555,C001071,1825,412248,S6TN00216,S4TN00187,
Self Employed,Rafael Edward Ted Cruz,1914938,C001098,2175,412573,S2TX00312,,
Not Available,Roy Blunt,1883547,B000575,1464,400034,S0MO00183,H6MO07128,
Not Available,Patrick Joseph Toomey,1863639,T000461,2085,400408,S4PA00121,H8PA15096,
Self Employed,Timothy Michael Kaine,1856984,K000384,2176,412582,S2VA00142,,
Retired,Barbara Boxer,1788621,B000711,116,300011,S2CA00286,H2CA06028,P80003247
Not Employed,Richard Blumenthal,1723615,B001277,2076,412490,S0CT00177,,
Not Employed,Patty Murray,1702755,M001111,1409,300076,S2WA00189,,
Not Available,Jeanne Shaheen,1673266,S001181,1901,412323,S0NH00219,,
Self Employed,Harry Reid,1670844,R000146,952,300082,S6NV00028,,
Self Employed,Michael F Bennet,1661142,B001267,1965,412330,S0CO00211,,
Not Available,Robert Men�ndez,1660770,M000639,791,400272,S6NJ00289,H2NJ13075,
Self Employed,Al Franken,1653243,F000457,1969,412378,S8MN00438,,
Self Employed,Charles Schumer,1643708,S000148,1036,300087,S8NY00082,H0NY16010,
Retired,Ronald Harold Johnson,1627422,J000293,2086,412496,S0WI00197,,
Retired,Mitch Mcconnell,1602933,M000355,1395,300072,S2KY00012,,
Retired,John Mccain,1593079,M000303,754,300071,S6AZ00019,P80002801,
Self Employed,Sherrod Brown,1587686,B000944,136,400050,S6OH00163,H2OH13033,
Mcconnell, Mitch Sen,Mitch Mcconnell,1550000,M000355,1395,300072,S2KY00012,,
Not Available,Tammy Baldwin,1549743,B001230,1558,400013,S2WI00219,H8WI00018,
Retired,Thom R Tillis,1480122,T000476,2291,412668,S4NC00162,,
Self Employed,John Cornyn,1467891,C001056,1692,300027,S2TX00106,,
Self Employed,Cory A Booker,1458983,B001288,2194,412598,S4NJ00185,,
Retired,Marco Rubio,1436857,R000595,2084,412491,S0FL00338,,
Not Available,Dan Sullivan,1424877,S001198,2290,412665,S4AK00214,,
Not Available,Jeff Flake,1409403,F000444,1633,400134,S2AZ00141,H0AZ01184,
Self Employed,Marco Rubio,1408928,R000595,2084,412491,S0FL00338,,
Self Employed,Rand Paul,1396116,P000603,2082,412492,S0KY00156,,
Retired,Rand Paul,1387899,P000603,2082,412492,S0KY00156,,
Self Employed,Patty Murray,1367913,M001111,1409,300076,S2WA00189,,
None,Lindsey Graham,1361199,G000359,452,300047,S0SC00149,H4SC03087,
None,Marco Rubio,1334336,R000595,2084,412491,S0FL00338,,
Self Employed,Jon Tester,1331752,T000464,1829,412244,S6MT00162,,
Self Employed,Mark Kirk,1303755,K000360,1647,400222,S0IL00261,H0IL10120,
Homemaker,Mitch Mcconnell,1302847,M000355,1395,300072,S2KY00012,,
Not Employed,Maria Cantwell,1288957,C000127,172,300018,S8WA00194,H2WA01054,
Not Available,Elizabeth Warren,1270055,W000817,2182,412542,S2MA00170,,
Self Employed,Robert Men�ndez,1259788,M000639,791,400272,S6NJ00289,H2NJ13075,
Not Available,Robert Casey,1173104,C001070,1828,412246,S6PA00217,,
Not Available,Rafael Edward Ted Cruz,1167311,C001098,2175,412573,S2TX00312,,
Not Available,Claire Mccaskill,1151309,M001170,1820,412243,S6MO00305,P80005721,
Self Employed,Tammy Baldwin,1096425,B001230,1558,400013,S2WI00219,H8WI00018,
Unknown,Marco Rubio,1092727,R000595,2084,412491,S0FL00338,,
Retired,John Thune,1086946,T000250,1534,400546,S2SD00068,H6SD00085,
Self Employed,Christopher Murphy,1085461,M001169,1837,412194,S2CT00132,H6CT05124,
Self Employed,Bill Nelson,1071776,N000032,859,300078,S8FL00166,,
Unknown,Rafael Edward Ted Cruz,1071699,C001098,2175,412573,S2TX00312,,
Not Available,Kirsten Gillibrand,1056845,G000555,1866,412223,S0NY00410,H6NY20167,
None,Ron Wyden,1047229,W000779,1247,300100,S6OR00110,H0OR03026,
Self Employed,Joe Manchin Iii,1046857,M001183,1983,412391,S0WV00090,,
Not Employed,Tom Udall,1025579,U000039,1567,400413,S8NM00184,H8NM03097,
Self Employed,Tom Udall,1009367,U000039,1567,400413,S8NM00184,H8NM03097,
Self Employed,John Mccain,1002108,M000303,754,300071,S6AZ00019,P80002801,
Self Employed,Mark Robert Warner,986659,W000805,1897,412321,S6VA00093,P80003023,
Self Employed,Bob Corker,958063,C001071,1825,412248,S6TN00216,S4TN00187,
Retired,Bill Nelson,950321,N000032,859,300078,S8FL00166,,
Self Employed,Jeanne Shaheen,949898,S001181,1901,412323,S0NH00219,,
Self Employed,Roy Blunt,929695,B000575,1464,400034,S0MO00183,H6MO07128,
Homemaker,Bill Nelson,927158,N000032,859,300078,S8FL00166,,
Self Employed,Rob Portman,913794,P000449,924,400325,S0OH00133,H4OH02032,
Self Employed,David Vitter,899033,V000127,1609,400418,S4LA00057,H0LA01079,
Self Employed,Robert Casey,898056,C001070,1828,412246,S6PA00217,,
Self Employed,Maria Cantwell,886434,C000127,172,300018,S8WA00194,H2WA01054,
Self Employed,Debbie Ann Stabenow,852695,S000770,1531,300093,S8MI00281,H6MI08163,
Homemaker,John Mccain,843048,M000303,754,300071,S6AZ00019,P80002801,
Self Employed,Richard Blumenthal,838871,B001277,2076,412490,S0CT00177,,
Self Employed,Richard Durbin,838166,D000563,326,300038,S6IL00151,H2IL20026,
Homemaker,Rob Portman,836662,P000449,924,400325,S0OH00133,H4OH02032,
Not Employed,Brian Emanuel Schatz,833729,S001194,2173,412507,S4HI00136,H6HI02244,
None,Elizabeth Warren,817013,W000817,2182,412542,S2MA00170,,
Self Employed,Lindsey Graham,807102,G000359,452,300047,S0SC00149,H4SC03087,
Retired,Claire Mccaskill,799990,M001170,1820,412243,S6MO00305,P80005721,
Not Employed,Jeffrey Alan Merkley,787571,M001176,1900,412325,S8OR00207,,
Not Available,Michael F Bennet,782804,B001267,1965,412330,S0CO00211,,
Self Employed,Thom R Tillis,764708,T000476,2291,412668,S4NC00162,,
Self Employed,John Thune,762281,T000250,1534,400546,S2SD00068,H6SD00085,
Self Employed,Martin Heinrich,758514,H001046,1937,412281,S2NM00088,H8NM01224,
Retired,Jon Tester,715466,T000464,1829,412244,S6MT00162,,
Self Employed,John Isakson,708663,I000055,1608,400194,S6GA00119,H8GA06146,
Self Employed,Ron Wyden,694461,W000779,1247,300100,S6OR00110,H0OR03026,
Not Available,Bernard Sanders,687314,S000033,1010,400357,S4VT00033,H8VT01016,
Self Employed,Jeff Flake,680254,F000444,1633,400134,S2AZ00141,H0AZ01184,
None,Dianne Feinstein,679968,F000062,1332,300043,S0CA00199,,
Not Available,Christopher Murphy,672595,M001169,1837,412194,S2CT00132,H6CT05124,
Not Available,Benjamin Cardin,658049,C000141,174,400064,S6MD03177,H6MD03177,
Not Available,Orrin Hatch,656173,H000338,1351,300052,S6UT00063,P00003806,
Retired,Rafael Edward Ted Cruz,655874,C001098,2175,412573,S2TX00312,,
Self Employed,Jerry Moran,654718,M000934,1507,400284,S0KS00091,H6KS01096,
Retired,Patrick Joseph Toomey,651641,T000461,2085,400408,S4PA00121,H8PA15096,
Retired,Michael F Bennet,649343,B001267,1965,412330,S0CO00211,,
None,Christopher Murphy,645691,M001169,1837,412194,S2CT00132,H6CT05124,
Retired,Kelly A Ayotte,642280,A000368,2075,412493,S0NH00235,,
Self Employed,Dan Sullivan,631682,S001198,2290,412665,S4AK00214,,
Retired,Dean Heller,630105,H001041,1863,412218,S2NV00183,H6NV02164,
Self Employed,Timothy Scott,626595,S001184,2056,412471,S4SC00240,H0SC01279,
Not Available,Richard Burr,616630,B001135,153,400054,S4NC00089,H2NC05074,
Not Available,Sheldon Whitehouse,614433,W000802,1823,412247,S6RI00221,,
Self Employed,Richard Burr,612109,B001135,153,400054,S4NC00089,H2NC05074,
Not Available,Amy Klobuchar,604071,K000367,1826,412242,S6MN00267,,
Not Employed,Heidi Heitkamp,603523,H001069,2174,412554,S2ND00099,,
Self Employed,Kelly A Ayotte,601778,A000368,2075,412493,S0NH00235,,
Homemaker,Thom R Tillis,589425,T000476,2291,412668,S4NC00162,,
Not Employed,Michael F Bennet,587565,B001267,1965,412330,S0CO00211,,
Self Employed,Pat Roberts,583382,R000307,968,300083,S6KS00080,H0KS01016,
Self Employed,Jeffrey Alan Merkley,582825,M001176,1900,412325,S8OR00207,,
Retired,Rob Portman,573309,P000449,924,400325,S0OH00133,H4OH02032,
Self Employed,Ronald Harold Johnson,571923,J000293,2086,412496,S0WI00197,,
Self Employed,Heidi Heitkamp,565714,H001069,2174,412554,S2ND00099,,
Unknown,Orrin Hatch,557239,H000338,1351,300052,S6UT00063,P00003806,
Cruz, Rafael Edward Ted,Rafael Edward Ted Cruz,545000,C001098,2175,412573,S2TX00312,,
Homemaker,Lamar Alexander,532820,A000360,1695,300002,S2TN00058,P60003225,
Homemaker,Barbara Boxer,531177,B000711,116,300011,S2CA00286,H2CA06028,P80003247
Self Employed,Brian Emanuel Schatz,528816,S001194,2173,412507,S4HI00136,H6HI02244,
Self Employed,Patrick Leahy,527951,L000174,1383,300065,S4VT00017,,
Self Employed,Susan Collins,509543,C001035,1541,300025,S6ME00159,,
Self Employed,Christopher A Coons,506774,C001088,1984,412390,S0DE00092,,
Retired,Benjamin E Sasse,500094,S001197,2289,412671,S4NE00090,,
Homemaker,Marco Rubio,498785,R000595,2084,412491,S0FL00338,,
None,Richard Durbin,496518,D000563,326,300038,S6IL00151,H2IL20026,
Retired,Debbie Ann Stabenow,496374,S000770,1531,300093,S8MI00281,H6MI08163,
Not Available,Martin Heinrich,495555,H001046,1937,412281,S2NM00088,H8NM01224,
Self Employed,Sheldon Whitehouse,476284,W000802,1823,412247,S6RI00221,,
Self Employed,Amy Klobuchar,472858,K000367,1826,412242,S6MN00267,,
Not Available,Mazie Hirono,472142,H001042,1844,412200,S2HI00106,H6HI02251,
Homemaker,Dean Heller,460416,H001041,1863,412218,S2NV00183,H6NV02164,
Retired,Shelley Capito,454970,C001047,1676,400061,S4WV00159,H0WV02138,
Homemaker,Kelly A Ayotte,451580,A000368,2075,412493,S0NH00235,,
Homemaker,Rand Paul,450044,P000603,2082,412492,S0KY00156,,
Self Employed,Mazie Hirono,446248,H001042,1844,412200,S2HI00106,H6HI02251,
Self Employed,Debra S Fischer,439980,F000463,2179,412556,S2NE00094,,
Self Employed,Dean Heller,437023,H001041,1863,412218,S2NV00183,H6NV02164,
Self Employed,Benjamin E Sasse,434780,S001197,2289,412671,S4NE00090,,
Retired,Susan Collins,433000,C001035,1541,300025,S6ME00159,,
Not Employed,Jon Tester,430893,T000464,1829,412244,S6MT00162,,
Self Employed,John Boozman,426549,B001236,1687,400040,S0AR00150,H2AR03176,
Homemaker,John Thune,418525,T000250,1534,400546,S2SD00068,H6SD00085,
Retired,David Vitter,415645,V000127,1609,400418,S4LA00057,H0LA01079,
Self Employed,Roger Wicker,414769,W000437,1226,400432,S8MS00196,H4MS01078,
Retired,Christopher Murphy,406376,M001169,1837,412194,S2CT00132,H6CT05124,
Unknown,Rand Paul,400725,P000603,2082,412492,S0KY00156,,
Retired,John Isakson,391048,I000055,1608,400194,S6GA00119,H8GA06146,
Self Employed,Marion Michael Rounds,387633,R000605,2288,412669,S4SD00049,,
Boies, Schiller & Flexner,Kirsten Gillibrand,383150,G000555,1866,412223,S0NY00410,H6NY20167,
Homemaker,Patrick Joseph Toomey,380800,T000461,2085,400408,S4PA00121,H8PA15096,
Self Employed,Thad Cochran,380100,C000567,213,300023,S8MS00055,,
Self Employed,John Barrasso,375355,B001261,1881,412251,S6WY00068,,
Self Employed,Lisa Murkowski,374822,M001153,1694,300075,S4AK00099,,
Retired,John Boozman,373091,B001236,1687,400040,S0AR00150,H2AR03176,
Homemaker,John Isakson,371300,I000055,1608,400194,S6GA00119,H8GA06146,
Retired,Debra S Fischer,369098,F000463,2179,412556,S2NE00094,,
Retired,Marion Michael Rounds,369007,R000605,2288,412669,S4SD00049,,
Self Employed,Dianne Feinstein,368708,F000062,1332,300043,S0CA00199,,
None,Barbara Mikulski,368034,M000702,802,300073,S6MD00140,,
Self Employed,Angus Stanley King Jr,367862,K000383,2185,412545,S2ME00109,,
Self Employed,Benjamin Cardin,364450,C000141,174,400064,S6MD03177,H6MD03177,
Retired,Timothy Scott,363220,S001184,2056,412471,S4SC00240,H0SC01279,
None,Christopher A Coons,359650,C001088,1984,412390,S0DE00092,,
Homemaker,Ronald Harold Johnson,355146,J000293,2086,412496,S0WI00197,,
Homemaker,David Vitter,354883,V000127,1609,400418,S4LA00057,H0LA01079,
Self Employed,Joe Donnelly,350638,D000607,1850,412205,S2IN00091,H4IN02101,
Not Employed,Christopher A Coons,347942,C001088,1984,412390,S0DE00092,,
Homemaker,John Boozman,341170,B001236,1687,400040,S0AR00150,H2AR03176,
Unknown,Dean Heller,338778,H001041,1863,412218,S2NV00183,H6NV02164,
Retired,Mike Lee,332699,L000577,2080,412495,S0UT00165,,
Self Employed,Shelley Capito,330472,C001047,1676,400061,S4WV00159,H0WV02138,
Not Available,Dianne Feinstein,329300,F000062,1332,300043,S0CA00199,,
Self Employed,Bernard Sanders,326874,S000033,1010,400357,S4VT00033,H8VT01016,
Self Employed,Charles Grassley,325021,G000386,457,300048,S0IA00028,,
Homemaker,Rafael Edward Ted Cruz,324280,C001098,2175,412573,S2TX00312,,
Retired,Richard Burr,323672,B001135,153,400054,S4NC00089,H2NC05074,
Not Employed,Barbara Boxer,317946,B000711,116,300011,S2CA00286,H2CA06028,P80003247
None,Claire Mccaskill,311572,M001170,1820,412243,S6MO00305,P80005721,
Retired,Angus Stanley King Jr,311186,K000383,2185,412545,S2ME00109,,
Self Employed,James Inhofe,308984,I000024,583,300055,S4OK00083,H6OK01102,
Self Employed,John Hoeven,306348,H001061,2079,412494,S0ND00093,,
None,John Isakson,301328,I000055,1608,400194,S6GA00119,H8GA06146,
Not Available,John Barrasso,298832,B001261,1881,412251,S6WY00068,,
Harvard University,Elizabeth Warren,298250,W000817,2182,412542,S2MA00170,,
Not Available,Charles Grassley,297737,G000386,457,300048,S0IA00028,,
Retired,Joe Manchin Iii,294450,M001183,1983,412391,S0WV00090,,
Self Employed,Orrin Hatch,292875,H000338,1351,300052,S6UT00063,P00003806,
Homemaker,Jerry Moran,288496,M000934,1507,400284,S0KS00091,H6KS01096,
Unknown,Elizabeth Warren,275764,W000817,2182,412542,S2MA00170,,
Self Employed,Mike Lee,275188,L000577,2080,412495,S0UT00165,,
Not Available,Joe Donnelly,271327,D000607,1850,412205,S2IN00091,H4IN02101,
Homemaker,Shelley Capito,270299,C001047,1676,400061,S4WV00159,H0WV02138,
Not Available,Lisa Murkowski,268861,M001153,1694,300075,S4AK00099,,
Homemaker,Richard Burr,267155,B001135,153,400054,S4NC00089,H2NC05074,
Retired,James Inhofe,261950,I000024,583,300055,S4OK00083,H6OK01102,
Homemaker,Richard Shelby,259334,S000320,1049,300089,S6AL00013,,
Self Employed,Barbara Mikulski,258099,M000702,802,300073,S6MD00140,,
Retired,Jerry Moran,258057,M000934,1507,400284,S0KS00091,H6KS01096,
Self Employed,Lamar Alexander,255875,A000360,1695,300002,S2TN00058,P60003225,
Homemaker,Mike Lee,251749,L000577,2080,412495,S0UT00165,,
Retired,Joni K Ernst,251618,E000295,2283,412667,S4IA00129,,
Unknown,Roy Blunt,251341,B000575,1464,400034,S0MO00183,H6MO07128,
Retired,Lamar Alexander,246705,A000360,1695,300002,S2TN00058,P60003225,
Homemaker,Debra S Fischer,244102,F000463,2179,412556,S2NE00094,,
Retired,John Hoeven,236710,H001061,2079,412494,S0ND00093,,
Homemaker,Benjamin E Sasse,236131,S001197,2289,412671,S4NE00090,,
None,Ronald Harold Johnson,235395,J000293,2086,412496,S0WI00197,,
Unknown,Claire Mccaskill,234911,M001170,1820,412243,S6MO00305,P80005721,
Retired,Dan Sullivan,234358,S001198,2290,412665,S4AK00214,,
None,Jeffrey Alan Merkley,230120,M001176,1900,412325,S8OR00207,,
Retired,Daniel R Coats,227840,C000542,209,402675,S0IN00053,,
Homemaker,Marion Michael Rounds,227650,R000605,2288,412669,S4SD00049,,
Not Available,Thomas Carper,224650,C000174,179,300019,S8DE00079,,
Unknown,Patrick Joseph Toomey,208868,T000461,2085,400408,S4PA00121,H8PA15096,
Unknown,Tammy Baldwin,207276,B001230,1558,400013,S2WI00219,H8WI00018,
Blackstone,Mitch Mcconnell,206200,M000355,1395,300072,S2KY00012,,
Retired,Amy Klobuchar,205050,K000367,1826,412242,S6MN00267,,
Microsoft,Patty Murray,200248,M001111,1409,300076,S2WA00189,,
Homemaker,Daniel R Coats,200078,C000542,209,402675,S0IN00053,,
Not Available,Roger Wicker,198177,W000437,1226,400432,S8MS00196,H4MS01078,
Unknown,Richard Burr,195950,B001135,153,400054,S4NC00089,H2NC05074,
None,Barbara Boxer,194684,B000711,116,300011,S2CA00286,H2CA06028,P80003247
Homemaker,Debbie Ann Stabenow,193216,S000770,1531,300093,S8MI00281,H6MI08163,
Davis Polk & Wardwell,Kirsten Gillibrand,193050,G000555,1866,412223,S0NY00410,H6NY20167,
Retired,Pat Roberts,192133,R000307,968,300083,S6KS00080,H0KS01016,
Retired,Martin Heinrich,185275,H001046,1937,412281,S2NM00088,H8NM01224,
Lazard,Charles Schumer,184500,S000148,1036,300087,S8NY00082,H0NY16010,
None,Rafael Edward Ted Cruz,183250,C001098,2175,412573,S2TX00312,,
Paul Weiss Rifkind Wharton and Garrison LLP,Charles Schumer,179250,S000148,1036,300087,S8NY00082,H0NY16010,
Homemaker,Jon Tester,177989,T000464,1829,412244,S6MT00162,,
Not Available,Thad Cochran,177709,C000567,213,300023,S8MS00055,,
Unknown,Debra S Fischer,155406,F000463,2179,412556,S2NE00094,,
Retired,Jeff Flake,153877,F000444,1633,400134,S2AZ00141,H0AZ01184,
Home Depot,John Isakson,151200,I000055,1608,400194,S6GA00119,H8GA06146,
NATIONAL REPUBLICAN SENATORIAL COMMITTEE,Charles Grassley,150000,G000386,457,300048,S0IA00028,,
Self Employed,Michael Enzi,148929,E000285,1542,300041,S6WY00126,,
Paul Weiss Rifkind Wharton and Garrison LLP,Cory A Booker,147450,B001288,2194,412598,S4NJ00185,,
U.S. Government,Dianne Feinstein,146537,F000062,1332,300043,S0CA00199,,
Self Employed,Daniel R Coats,146097,C000542,209,402675,S0IN00053,,
Unknown,Mazie Hirono,145031,H001042,1844,412200,S2HI00106,H6HI02251,
Retired,Patty Murray,145014,M001111,1409,300076,S2WA00189,,
Self Employed,John Reed,144198,R000122,949,300081,S6RI00163,H0RI02071,
NATIONAL REPUBLICAN SENATORIAL COMMITTEE,John Hoeven,142600,H001061,2079,412494,S0ND00093,,
MOVEON.ORG POLITICAL ACTION,Tammy Baldwin,141467,B001230,1558,400013,S2WI00219,H8WI00018,
Not Available,Michael Enzi,141134,E000285,1542,300041,S6WY00126,,
Elliott Management,Mark Kirk,138950,K000360,1647,400222,S0IL00261,H0IL10120,
Unknown,Jeff Flake,138950,F000444,1633,400134,S2AZ00141,H0AZ01184,
Retired,John Reed,137900,R000122,949,300081,S6RI00163,H0RI02071,
Retired,Bernard Sanders,135580,S000033,1010,400357,S4VT00033,H8VT01016,
Elliott Management,Patrick Joseph Toomey,135511,T000461,2085,400408,S4PA00121,H8PA15096,
Not Available,Jon Tester,134440,T000464,1829,412244,S6MT00162,,
Corning,Kirsten Gillibrand,134400,G000555,1866,412223,S0NY00410,H6NY20167,
Se,Ronald Harold Johnson,134250,J000293,2086,412496,S0WI00197,,
Blackstone,Charles Schumer,133600,S000148,1036,300087,S8NY00082,H0NY16010,
None,Mitch Mcconnell,133265,M000355,1395,300072,S2KY00012,,
University of California,Barbara Boxer,133047,B000711,116,300011,S2CA00286,H2CA06028,P80003247
Not Employed,Tammy Baldwin,132090,B001230,1558,400013,S2WI00219,H8WI00018,
Morgan & Morgan,Bill Nelson,131750,N000032,859,300078,S8FL00166,,
Not Available,Richard Durbin,130950,D000563,326,300038,S6IL00151,H2IL20026,
Homemaker,John Reed,128654,R000122,949,300081,S6RI00163,H0RI02071,
Kirkland & Ellis,Mark Kirk,127984,K000360,1647,400222,S0IL00261,H0IL10120,
Retired,Thad Cochran,127445,C000567,213,300023,S8MS00055,,
Elliott Management,Kelly A Ayotte,126600,A000368,2075,412493,S0NH00235,,
None,Michael Crapo,125507,C000880,250,300030,S8ID00027,H2ID02034,
Not Employed,Claire Mccaskill,124233,M001170,1820,412243,S6MO00305,P80005721,
Goldman Sachs,Mitch Mcconnell,123225,M000355,1395,300072,S2KY00012,,
Retired,Patrick Leahy,122490,L000174,1383,300065,S4VT00017,,
Citadel,Mark Kirk,121900,K000360,1647,400222,S0IL00261,H0IL10120,
Unknown,Christopher Murphy,120670,M001169,1837,412194,S2CT00132,H6CT05124,
Self Employed,Thomas Carper,120525,C000174,179,300019,S8DE00079,,
young conaway stargatt and taylor llp,Christopher A Coons,119600,C001088,1984,412390,S0DE00092,,
Homemaker,Roy Blunt,119150,B000575,1464,400034,S0MO00183,H6MO07128,
Self Employed,Joni K Ernst,117850,E000295,2283,412667,S4IA00129,,
None,Martin Heinrich,116484,H001046,1937,412281,S2NM00088,H8NM01224,
None,Patty Murray,116461,M001111,1409,300076,S2WA00189,,
None,Pat Roberts,116410,R000307,968,300083,S6KS00080,H0KS01016,
None,Michael F Bennet,115180,B001267,1965,412330,S0CO00211,,
None,Jon Tester,114700,T000464,1829,412244,S6MT00162,,
Lowenstein Sandler,Robert Men�ndez,114317,M000639,791,400272,S6NJ00289,H2NJ13075,
U.S. Government,Timothy Michael Kaine,114017,K000384,2176,412582,S2VA00142,,
Homemaker,Dan Sullivan,113675,S001198,2290,412665,S4AK00214,,
Retired,Joe Donnelly,113240,D000607,1850,412205,S2IN00091,H4IN02101,
None,Charles Grassley,113200,G000386,457,300048,S0IA00028,,
NATIONAL REPUBLICAN SENATORIAL COMMITTEE,Orrin Hatch,113100,H000338,1351,300052,S6UT00063,P00003806,
University of Wisconsin,Tammy Baldwin,112975,B001230,1558,400013,S2WI00219,H8WI00018,
Boeing,Patty Murray,112285,M001111,1409,300076,S2WA00189,,
Not Employed,Mark Kirk,111650,K000360,1647,400222,S0IL00261,H0IL10120,
Not Employed,Ron Wyden,110792,W000779,1247,300100,S6OR00110,H0OR03026,
Elliott Management,Marco Rubio,108735,R000595,2084,412491,S0FL00338,,
Not Available,Mitch Mcconnell,108606,M000355,1395,300072,S2KY00012,,
Retired,Richard Durbin,107412,D000563,326,300038,S6IL00151,H2IL20026,
None,Joe Donnelly,106609,D000607,1850,412205,S2IN00091,H4IN02101,
General Electric,Rob Portman,106560,P000449,924,400325,S0OH00133,H4OH02032,
Goldman Sachs,Rob Portman,106550,P000449,924,400325,S0OH00133,H4OH02032,
None,Richard Burr,106010,B001135,153,400054,S4NC00089,H2NC05074,
Schulte Roth and Zabel LLP,Charles Schumer,105800,S000148,1036,300087,S8NY00082,H0NY16010,
Self Employed,Michael Crapo,105517,C000880,250,300030,S8ID00027,H2ID02034,
Elliott Management,Dan Sullivan,104000,S001198,2290,412665,S4AK00214,,
Morgan Stanley,Kirsten Gillibrand,103475,G000555,1866,412223,S0NY00410,H6NY20167,
Unknown,Rob Portman,103472,P000449,924,400325,S0OH00133,H4OH02032,
Self Employed,Richard Shelby,102979,S000320,1049,300089,S6AL00013,,
Brownstein Hyatt Farber Schreck,Michael F Bennet,102602,B001267,1965,412330,S0CO00211,,
PG&E,Dianne Feinstein,102200,F000062,1332,300043,S0CA00199,,
Elliott Management,Thom R Tillis,101400,T000476,2291,412668,S4NC00162,,
U.S. Government,John Hoeven,101250,H001061,2079,412494,S0ND00093,,
MetLife,Rob Portman,100900,P000449,924,400325,S0OH00133,H4OH02032,
Not Available,Ronald Harold Johnson,100900,J000293,2086,412496,S0WI00197,,
Oaktree Capital Management,Michael F Bennet,99950,B001267,1965,412330,S0CO00211,,
Paulson & Co.,Charles Schumer,98900,S000148,1036,300087,S8NY00082,H0NY16010,
Sullivan and Cromwell LLP,Rob Portman,98800,P000449,924,400325,S0OH00133,H4OH02032,
Citigroup,Charles Schumer,98750,S000148,1036,300087,S8NY00082,H0NY16010,
None,Patrick Joseph Toomey,98542,T000461,2085,400408,S4PA00121,H8PA15096,
University Of Washington,Patty Murray,97270,M001111,1409,300076,S2WA00189,,
Sullivan and Cromwell LLP,Kirsten Gillibrand,96875,G000555,1866,412223,S0NY00410,H6NY20167,
Pershing Square Capital Management,Charles Schumer,96499,S000148,1036,300087,S8NY00082,H0NY16010,
Mylan,Joe Manchin Iii,96000,M001183,1983,412391,S0WV00090,,
Express Scripts,Claire Mccaskill,95058,M001170,1820,412243,S6MO00305,P80005721,
Not Available,Jefferson Sessions,94400,S001141,1548,300088,S6AL00195,,
U.S. Government,Mark Robert Warner,93950,W000805,1897,412321,S6VA00093,P80003023,
Woodforest National Bank,Rafael Edward Ted Cruz,93900,C001098,2175,412573,S2TX00312,,
Blackstone,Kirsten Gillibrand,93600,G000555,1866,412223,S0NY00410,H6NY20167,
Thorton and Naumes,Charles Schumer,92800,S000148,1036,300087,S8NY00082,H0NY16010,
Homemaker,Amy Klobuchar,92672,K000367,1826,412242,S6MN00267,,
Washington University,Claire Mccaskill,91810,M001170,1820,412243,S6MO00305,P80005721,
American Financial Group,Rob Portman,91652,P000449,924,400325,S0OH00133,H4OH02032,
KKR & Co. L.P.,Charles Schumer,91500,S000148,1036,300087,S8NY00082,H0NY16010,
Homemaker,Timothy Scott,91200,S001184,2056,412471,S4SC00240,H0SC01279,
Paul Weiss Rifkind Wharton and Garrison LLP,Kirsten Gillibrand,90900,G000555,1866,412223,S0NY00410,H6NY20167,
Retired,Tom Udall,90837,U000039,1567,400413,S8NM00184,H8NM03097,
Fragomen, Del Rey, Bernsen & Loewy Llp,Charles Schumer,90650,S000148,1036,300087,S8NY00082,H0NY16010,
Retired,Tammy Baldwin,90550,B001230,1558,400013,S2WI00219,H8WI00018,
Bryan Cave,Claire Mccaskill,90068,M001170,1820,412243,S6MO00305,P80005721,
Blackstone,Mark Robert Warner,90000,W000805,1897,412321,S6VA00093,P80003023,
NATIONAL REPUBLICAN SENATORIAL COMMITTEE,Ronald Harold Johnson,89400,J000293,2086,412496,S0WI00197,,
NATIONAL REPUBLICAN SENATORIAL COMMITTEE,Roy Blunt,89400,B000575,1464,400034,S0MO00183,H6MO07128,
Unknown,Sherrod Brown,89308,B000944,136,400050,S6OH00163,H2OH13033,
Homemaker,John Hoeven,89151,H001061,2079,412494,S0ND00093,,
New York Life,Charles Schumer,87950,S000148,1036,300087,S8NY00082,H0NY16010,
Unknown,Barbara Boxer,87771,B000711,116,300011,S2CA00286,H2CA06028,P80003247
Procter & Gamble,Rob Portman,87570,P000449,924,400325,S0OH00133,H4OH02032,
Amazon.com,Patty Murray,87550,M001111,1409,300076,S2WA00189,,
Morgan & Morgan,Harry Reid,87300,R000146,952,300082,S6NV00028,,
Humana,Mitch Mcconnell,87100,M000355,1395,300072,S2KY00012,,
Susman Godfrey LLP,Al Franken,86810,F000457,1969,412378,S8MN00438,,
Skadden, Arps, Slate, Meagher & Flom,Kirsten Gillibrand,86700,G000555,1866,412223,S0NY00410,H6NY20167,
Burns & McDonnell,Pat Roberts,86550,R000307,968,300083,S6KS00080,H0KS01016,
MOVEON.ORG POLITICAL ACTION,Christopher Murphy,86362,M001169,1837,412194,S2CT00132,H6CT05124,
Homemaker,James Inhofe,86300,I000024,583,300055,S4OK00083,H6OK01102,
Elliott Management,Roy Blunt,86200,B000575,1464,400034,S0MO00183,H6MO07128,
NATIONAL REPUBLICAN SENATORIAL COMMITTEE,Debra S Fischer,86200,F000463,2179,412556,S2NE00094,,
Goldman Sachs,Kirsten Gillibrand,85850,G000555,1866,412223,S0NY00410,H6NY20167,
Altria,Mark Robert Warner,84850,W000805,1897,412321,S6VA00093,P80003023,
Fidelity,Rob Portman,84500,P000449,924,400325,S0OH00133,H4OH02032,
Elliott Management,Rob Portman,83519,P000449,924,400325,S0OH00133,H4OH02032,
None,Patrick Leahy,83400,L000174,1383,300065,S4VT00017,,
Sullivan and Cromwell LLP,Cory A Booker,82600,B001288,2194,412598,S4NJ00185,,
Unknown,Jeanne Shaheen,82250,S001181,1901,412323,S0NH00219,,
Ernst & Young,Rob Portman,81850,P000449,924,400325,S0OH00133,H4OH02032,
Microsoft,Maria Cantwell,81724,C000127,172,300018,S8WA00194,H2WA01054,
Dominion,Mark Robert Warner,81720,W000805,1897,412321,S6VA00093,P80003023,
Deutsche Bank,Kirsten Gillibrand,80956,G000555,1866,412223,S0NY00410,H6NY20167,
Monsanto,Roy Blunt,80250,B000575,1464,400034,S0MO00183,H6MO07128,
emerson companies,Roy Blunt,80200,B000575,1464,400034,S0MO00183,H6MO07128,
Keystone Victory Fund,Robert Casey,80172,C001070,1828,412246,S6PA00217,,
Massachusetts Institute of Technology,Elizabeth Warren,80000,W000817,2182,412542,S2MA00170,,
JPMorgan Chase,Mark Robert Warner,79650,W000805,1897,412321,S6VA00093,P80003023,
None,Bernard Sanders,78760,S000033,1010,400357,S4VT00033,H8VT01016,
Northwestern Mutual,Roy Blunt,78150,B000575,1464,400034,S0MO00183,H6MO07128,
Lazard,Kirsten Gillibrand,77200,G000555,1866,412223,S0NY00410,H6NY20167,
Sullivan and Cromwell LLP,Shelley Capito,77200,C001047,1676,400061,S4WV00159,H0WV02138,
Retired,Lisa Murkowski,76650,M001153,1694,300075,S4AK00099,,
None,Jeff Flake,76525,F000444,1633,400134,S2AZ00141,H0AZ01184,
Fidelity,Kelly A Ayotte,76200,A000368,2075,412493,S0NH00235,,
Skadden, Arps, Slate, Meagher & Flom,Christopher A Coons,76200,C001088,1984,412390,S0DE00092,,
Homemaker,Thad Cochran,76100,C000567,213,300023,S8MS00055,,
Simmons Cooper,Claire Mccaskill,75975,M001170,1820,412243,S6MO00305,P80005721,
Cole Schotz,Cory A Booker,75298,B001288,2194,412598,S4NJ00185,,
Cleveland Clinic,Sherrod Brown,75287,B000944,136,400050,S6OH00163,H2OH13033,
University of California,Elizabeth Warren,75100,W000817,2182,412542,S2MA00170,,
Retired,Richard Shelby,74800,S000320,1049,300089,S6AL00013,,
Unknown,David Vitter,74651,V000127,1609,400418,S4LA00057,H0LA01079,
Google,Charles Schumer,74600,S000148,1036,300087,S8NY00082,H0NY16010,
Homemaker,John Cornyn,73825,C001056,1692,300027,S2TX00106,,
Blackstone,Michael F Bennet,73700,B001267,1965,412330,S0CO00211,,
NATIONAL REPUBLICAN SENATORIAL COMMITTEE,John Isakson,73000,I000055,1608,400194,S6GA00119,H8GA06146,
Latham & Watkins,Kirsten Gillibrand,72800,G000555,1866,412223,S0NY00410,H6NY20167,
Jenner and Block LLP,Richard Durbin,72585,D000563,326,300038,S6IL00151,H2IL20026,
Guardian Life Insurance Company of America,Charles Schumer,72450,S000148,1036,300087,S8NY00082,H0NY16010,
JPMorgan Chase,Kirsten Gillibrand,72150,G000555,1866,412223,S0NY00410,H6NY20167,
Enterprise Rent-a-Car Company,Roy Blunt,71850,B000575,1464,400034,S0MO00183,H6MO07128,
Kirkland & Ellis,Kirsten Gillibrand,71850,G000555,1866,412223,S0NY00410,H6NY20167,
Alliance Coal,Mitch Mcconnell,71600,M000355,1395,300072,S2KY00012,,
KKR & Co. L.P.,Rob Portman,70321,P000449,924,400325,S0OH00133,H4OH02032,
Blackrock Capital Management,Charles Schumer,70200,S000148,1036,300087,S8NY00082,H0NY16010,
None,Steven Daines,69825,D000618,2138,412549,S2MT00096,H2MT01060,
Madison Dearborn Partners,Mark Kirk,69400,K000360,1647,400222,S0IL00261,H0IL10120,
None,Mr James E Risch,68820,R000584,1896,412322,S8ID00092,,
Apple,Charles Schumer,68700,S000148,1036,300087,S8NY00082,H0NY16010,
Kirkland & Ellis,Cory A Booker,68600,B001288,2194,412598,S4NJ00185,,
Primerica,John Isakson,68050,I000055,1608,400194,S6GA00119,H8GA06146,
Citigroup,Rob Portman,67800,P000449,924,400325,S0OH00133,H4OH02032,
UPS,John Isakson,67150,I000055,1608,400194,S6GA00119,H8GA06146,
Retired,David Perdue,67125,P000612,2286,412666,S4GA11285,,
Lightyear Capital,Charles Schumer,67000,S000148,1036,300087,S8NY00082,H0NY16010,
U.S. Government,Elizabeth Warren,66798,W000817,2182,412542,S2MA00170,,
Goldman Sachs,Roy Blunt,66750,B000575,1464,400034,S0MO00183,H6MO07128,
Akin Gump,Timothy Michael Kaine,66550,K000384,2176,412582,S2VA00142,,
None,David Vitter,66140,V000127,1609,400418,S4LA00057,H0LA01079,
Ernst & Young,Charles Schumer,66100,S000148,1036,300087,S8NY00082,H0NY16010,
Nyu Langone Medical Center,Charles Schumer,66075,S000148,1036,300087,S8NY00082,H0NY16010,
Not Available,Benjamin E Sasse,65665,S001197,2289,412671,S4NE00090,,
University Of Virginia,Timothy Michael Kaine,65491,K000384,2176,412582,S2VA00142,,
Exelon,Patrick Joseph Toomey,65350,T000461,2085,400408,S4PA00121,H8PA15096,
None,Bill Nelson,65235,N000032,859,300078,S8FL00166,,
Not Employed,Mazie Hirono,65092,H001042,1844,412200,S2HI00106,H6HI02251,
Comcast,Robert Casey,64900,C001070,1828,412246,S6PA00217,,
Blackstone,Jon Tester,64800,T000464,1829,412244,S6MT00162,,
Homemaker,Timothy Michael Kaine,64750,K000384,2176,412582,S2VA00142,,
Law Offices of Peter G. Angelos ,Patrick Leahy,64650,L000174,1383,300065,S4VT00017,,
General Electric,Mitch Mcconnell,64455,M000355,1395,300072,S2KY00012,,
Kindred Healthcare,Mitch Mcconnell,64450,M000355,1395,300072,S2KY00012,,
Credit Suisse,Charles Schumer,64350,S000148,1036,300087,S8NY00082,H0NY16010,
Sullivan and Cromwell LLP,Charles Schumer,64200,S000148,1036,300087,S8NY00082,H0NY16010,
Goldman Sachs,Cory A Booker,63900,B001288,2194,412598,S4NJ00185,,
Homemaker,Lisa Murkowski,63900,M001153,1694,300075,S4AK00099,,
Akin Gump,Charles Schumer,63850,S000148,1036,300087,S8NY00082,H0NY16010,
DLA Piper,Cory A Booker,63700,B001288,2194,412598,S4NJ00185,,
The Durst Organization,Charles Schumer,63500,S000148,1036,300087,S8NY00082,H0NY16010,
American Express,Mitch Mcconnell,63250,M000355,1395,300072,S2KY00012,,
Apx Alarm,Mike Lee,63200,L000577,2080,412495,S0UT00165,,
Goldman Sachs,Kelly A Ayotte,63142,A000368,2075,412493,S0NH00235,,
FirstEnergy Corporation,Joe Manchin Iii,63100,M001183,1983,412391,S0WV00090,,
Unknown,Dan Sullivan,63045,S001198,2290,412665,S4AK00214,,
Retired,Roy Blunt,62850,B000575,1464,400034,S0MO00183,H6MO07128,
Boston University,Elizabeth Warren,62800,W000817,2182,412542,S2MA00170,,
Homemaker,Orrin Hatch,62467,H000338,1351,300052,S6UT00063,P00003806,
Jackson Kelly PLLC,Joe Manchin Iii,61475,M001183,1983,412391,S0WV00090,,
Deloitte,Charles Schumer,61300,S000148,1036,300087,S8NY00082,H0NY16010,
DaVita Health Care Partners,Mitch Mcconnell,61275,M000355,1395,300072,S2KY00012,,
Greenberg Traurig, LLP,John Mccain,60849,M000303,754,300071,S6AZ00019,P80002801,
Weitz & Luxenberg,Harry Reid,60700,R000146,952,300082,S6NV00028,,
Simmons Cooper,Richard Durbin,60600,D000563,326,300038,S6IL00151,H2IL20026,
Harris Corporation,Barbara Mikulski,60550,M000702,802,300073,S6MD00140,,
Goldman Sachs,Charles Schumer,60450,S000148,1036,300087,S8NY00082,H0NY16010,
The Ohio State University,Sherrod Brown,60400,B000944,136,400050,S6OH00163,H2OH13033,
Citigroup,Kirsten Gillibrand,60350,G000555,1866,412223,S0NY00410,H6NY20167,
General Electric,Lindsey Graham,60000,G000359,452,300047,S0SC00149,H4SC03087,
Prudential Financial,Cory A Booker,60000,B001288,2194,412598,S4NJ00185,,
Healthcare Partners,Harry Reid,59950,R000146,952,300082,S6NV00028,,
Womble Carlyle Sandridge & Ric,Richard Burr,59427,B001135,153,400054,S4NC00089,H2NC05074,
Goldman Sachs,Rafael Edward Ted Cruz,59350,C001098,2175,412573,S2TX00312,,
Greenberg Traurig, LLP,Robert Men�ndez,59300,M000639,791,400272,S6NJ00289,H2NJ13075,
York Capital Management,Charles Schumer,59200,S000148,1036,300087,S8NY00082,H0NY16010,
Nationwide Mutual Insurance Company,Rob Portman,58400,P000449,924,400325,S0OH00133,H4OH02032,
Prudential Financial,Robert Men�ndez,58250,M000639,791,400272,S6NJ00289,H2NJ13075,
Oberlin College,Sherrod Brown,58222,B000944,136,400050,S6OH00163,H2OH13033,
Akin Gump,Kirsten Gillibrand,58200,G000555,1866,412223,S0NY00410,H6NY20167,
Grant & Eisenhofer,Christopher A Coons,58116,C001088,1984,412390,S0DE00092,,
Ohio State University,Sherrod Brown,58030,B000944,136,400050,S6OH00163,H2OH13033,
Nelson Mullins Riley & Scarborough,Lindsey Graham,57974,G000359,452,300047,S0SC00149,H4SC03087,
NASDAQ OMX Group,Charles Schumer,57750,S000148,1036,300087,S8NY00082,H0NY16010,
Not Applicable,Roy Blunt,57300,B000575,1464,400034,S0MO00183,H6MO07128,
DTE Energy,Debbie Ann Stabenow,57250,S000770,1531,300093,S8MI00281,H6MI08163,
Simpson Thacher,Kirsten Gillibrand,57250,G000555,1866,412223,S0NY00410,H6NY20167,
Aflac,John Isakson,57100,I000055,1608,400194,S6GA00119,H8GA06146,
Boies, Schiller & Flexner,Bill Nelson,57063,N000032,859,300078,S8FL00166,,
Not Employed,Martin Heinrich,56903,H001046,1937,412281,S2NM00088,H8NM01224,
Fidelity,Patrick Joseph Toomey,56800,T000461,2085,400408,S4PA00121,H8PA15096,
Davis Polk & Wardwell Llp,Kirsten Gillibrand,56700,G000555,1866,412223,S0NY00410,H6NY20167,
Greenberg Traurig, LLP,Cory A Booker,56700,B001288,2194,412598,S4NJ00185,,
Student,Bill Nelson,56700,N000032,859,300078,S8FL00166,,
Federated Investors,Patrick Joseph Toomey,56550,T000461,2085,400408,S4PA00121,H8PA15096,
Delta Air Lines,John Isakson,56500,I000055,1608,400194,S6GA00119,H8GA06146,
Genworth Financial,Mark Robert Warner,56500,W000805,1897,412321,S6VA00093,P80003023,
Rothman Institute,Patrick Joseph Toomey,56490,T000461,2085,400408,S4PA00121,H8PA15096,
Retired,Sherrod Brown,56320,B000944,136,400050,S6OH00163,H2OH13033,
Paul Weiss Rifkind Wharton and Garrison LLP,Mitch Mcconnell,56250,M000355,1395,300072,S2KY00012,,
Willkie Farr & Gallagher,Kirsten Gillibrand,55680,G000555,1866,412223,S0NY00410,H6NY20167,
Sullivan and Cromwell LLP,Rafael Edward Ted Cruz,55613,C001098,2175,412573,S2TX00312,,
Aetna,Mark Robert Warner,55600,W000805,1897,412321,S6VA00093,P80003023,
Yale University,Christopher Murphy,55600,M001169,1837,412194,S2CT00132,H6CT05124,
Case Western Reserve University,Sherrod Brown,55500,B000944,136,400050,S6OH00163,H2OH13033,
Norfolk Southern,Mark Robert Warner,55401,W000805,1897,412321,S6VA00093,P80003023,
Goldman Sachs,Marco Rubio,55400,R000595,2084,412491,S0FL00338,,
Self Employed,Mr James E Risch,55384,R000584,1896,412322,S8ID00092,,
Unknown,Kelly A Ayotte,55212,A000368,2075,412493,S0NH00235,,
Cerberus Capital,Orrin Hatch,55200,H000338,1351,300052,S6UT00063,P00003806,
Paul Weiss Rifkind Wharton and Garrison LLP,Harry Reid,55200,R000146,952,300082,S6NV00028,,
Time Warner,Patrick Leahy,55100,L000174,1383,300065,S4VT00017,,
Northrop Grumman,Richard Durbin,55000,D000563,326,300038,S6IL00151,H2IL20026,
The Related Companies,Charles Schumer,55000,S000148,1036,300087,S8NY00082,H0NY16010,
Paul Weiss Rifkind Wharton and Garrison LLP,Debbie Ann Stabenow,54350,S000770,1531,300093,S8MI00281,H6MI08163,
Travelers Companies,Rob Portman,54350,P000449,924,400325,S0OH00133,H4OH02032,
Silver Lake Partners,Charles Schumer,54200,S000148,1036,300087,S8NY00082,H0NY16010,
Henry Crown & Company,Cory A Booker,54100,B001288,2194,412598,S4NJ00185,,
Bryan Cave,Roy Blunt,54058,B000575,1464,400034,S0MO00183,H6MO07128,
Freeport McMoRan Copper & Gold,John Mccain,54050,M000303,754,300071,S6AZ00019,P80002801,
Not Employed,Joe Manchin Iii,53950,M001183,1983,412391,S0WV00090,,
Florida Crystals,Marco Rubio,53460,R000595,2084,412491,S0FL00338,,
Retired,Orrin Hatch,53450,H000338,1351,300052,S6UT00063,P00003806,
American Electric Power,Rob Portman,53325,P000449,924,400325,S0OH00133,H4OH02032,
Blue Cross Blue Shield of Michigan,Debbie Ann Stabenow,53250,S000770,1531,300093,S8MI00281,H6MI08163,
Gibson Dunn and Crutcher LLP,Kirsten Gillibrand,53200,G000555,1866,412223,S0NY00410,H6NY20167,
Retired,John Cornyn,53175,C001056,1692,300027,S2TX00106,,
eton park capital management,Charles Schumer,53063,S000148,1036,300087,S8NY00082,H0NY16010,
University of Michigan,Debbie Ann Stabenow,52906,S000770,1531,300093,S8MI00281,H6MI08163,
BNSF Railway,Mitch Mcconnell,52900,M000355,1395,300072,S2KY00012,,
Akin Gump,Ron Wyden,52714,W000779,1247,300100,S6OR00110,H0OR03026,
Pershing Square Capital Management,Cory A Booker,52500,B001288,2194,412598,S4NJ00185,,
Fidelity,Mitch Mcconnell,52450,M000355,1395,300072,S2KY00012,,
Quinn Emanuel LLP,Kirsten Gillibrand,52250,G000555,1866,412223,S0NY00410,H6NY20167,
Dorsey and Whitney LLP,Amy Klobuchar,52100,K000367,1826,412242,S6MN00267,,
J.P. Morgan,Kirsten Gillibrand,52050,G000555,1866,412223,S0NY00410,H6NY20167,
Edward Jones,Roy Blunt,51800,B000575,1464,400034,S0MO00183,H6MO07128,
O C Tanner,Orrin Hatch,51510,H000338,1351,300052,S6UT00063,P00003806,
Goldman Sachs,Michael F Bennet,51300,B001267,1965,412330,S0CO00211,,
PPL Corporation,Patrick Joseph Toomey,50999,T000461,2085,400408,S4PA00121,H8PA15096,
Kleinberg, Kaplan,Thom R Tillis,50912,T000476,2291,412668,S4NC00162,,
Covington & Burling,Timothy Michael Kaine,50900,K000384,2176,412582,S2VA00142,,
mepco llc,Joe Manchin Iii,50800,M001183,1983,412391,S0WV00090,,
Lowenstein Sandler,Cory A Booker,50650,B001288,2194,412598,S4NJ00185,,
MetLife,Charles Schumer,50650,S000148,1036,300087,S8NY00082,H0NY16010,
MetLife,Mitch Mcconnell,50650,M000355,1395,300072,S2KY00012,,
None,Maria Cantwell,50425,C000127,172,300018,S8WA00194,H2WA01054,
Not Available,Mike Lee,50400,L000577,2080,412495,S0UT00165,,
Blank Rome,Robert Casey,50323,C001070,1828,412246,S6PA00217,,
Freeport McMoRan Copper & Gold,Jeff Flake,50250,F000444,1633,400134,S2AZ00141,H0AZ01184,
Access Industries,Charles Schumer,50100,S000148,1036,300087,S8NY00082,H0NY16010,
Charmer Sunbelt Group,Cory A Booker,50100,B001288,2194,412598,S4NJ00185,,
Thorton and Naumes,John Reed,50000,R000122,949,300081,S6RI00163,H0RI02071,
Homemaker,Claire Mccaskill,49983,M001170,1820,412243,S6MO00305,P80005721,
Unknown,Kirsten Gillibrand,49900,G000555,1866,412223,S0NY00410,H6NY20167,
Capital Group Companies,Rob Portman,49800,P000449,924,400325,S0OH00133,H4OH02032,
Edison International,Dianne Feinstein,49750,F000062,1332,300043,S0CA00199,,
kasowitz benson llp,Mark Kirk,49450,K000360,1647,400222,S0IL00261,H0IL10120,
Fiduciary Management,Ronald Harold Johnson,49250,J000293,2086,412496,S0WI00197,,
Paulson & Co.,Mitch Mcconnell,49200,M000355,1395,300072,S2KY00012,,
Select Medical,Patrick Joseph Toomey,49125,T000461,2085,400408,S4PA00121,H8PA15096,
New Breed,Thom R Tillis,49100,T000476,2291,412668,S4NC00162,,
The Durst Organization,Kirsten Gillibrand,49000,G000555,1866,412223,S0NY00410,H6NY20167,
Vornado Realty Trust,Charles Schumer,49000,S000148,1036,300087,S8NY00082,H0NY16010,
Not Employed,Christopher Murphy,48952,M001169,1837,412194,S2CT00132,H6CT05124,
Homemaker,Joni K Ernst,48937,E000295,2283,412667,S4IA00129,,
Indian Tribe,Jerry Moran,48900,M000934,1507,400284,S0KS00091,H6KS01096,
Homemaker,David Perdue,48850,P000612,2286,412666,S4GA11285,,
Reynolds American,Richard Burr,48725,B001135,153,400054,S4NC00089,H2NC05074,
Citigroup,Mitch Mcconnell,48700,M000355,1395,300072,S2KY00012,,
UBS,Kirsten Gillibrand,48695,G000555,1866,412223,S0NY00410,H6NY20167,
Cooney & Conway,Richard Durbin,48600,D000563,326,300038,S6IL00151,H2IL20026,
Hogan and Hartson LLP,Michael F Bennet,48600,B001267,1965,412330,S0CO00211,,
Ropes and Gray LLP,Elizabeth Warren,48500,W000817,2182,412542,S2MA00170,,
Morgan & Morgan,Jeanne Shaheen,48418,S001181,1901,412323,S0NH00219,,
Akin Gump,Michael F Bennet,48350,B001267,1965,412330,S0CO00211,,
Boeing,Claire Mccaskill,48350,M001170,1820,412243,S6MO00305,P80005721,
Weitz & Luxenberg, P.c.,Charles Schumer,48300,S000148,1036,300087,S8NY00082,H0NY16010,
morris nichols arsht and tunnell llp,Christopher A Coons,48300,C001088,1984,412390,S0DE00092,,
Unknown,Robert Casey,48220,C001070,1828,412246,S6PA00217,,
Navatek,Brian Emanuel Schatz,48200,S001194,2173,412507,S4HI00136,H6HI02244,
Forest City Enterprises,Sherrod Brown,48050,B000944,136,400050,S6OH00163,H2OH13033,
Capital One Financial Corporation,Roy Blunt,48000,B000575,1464,400034,S0MO00183,H6MO07128,
Travelers Companies,Richard Shelby,48000,S000320,1049,300089,S6AL00013,,
Barclays,Kirsten Gillibrand,47835,G000555,1866,412223,S0NY00410,H6NY20167,
Goldberg Persky & White, Pc,Robert Casey,47825,C001070,1828,412246,S6PA00217,,
AT&T,John Cornyn,47800,C001056,1692,300027,S2TX00106,,
U.S. Government,Claire Mccaskill,47746,M001170,1820,412243,S6MO00305,P80005721,
Debevoise and Plimpton LLP,Kirsten Gillibrand,47700,G000555,1866,412223,S0NY00410,H6NY20167,
Reed Smith LLP,Robert Casey,47650,C001070,1828,412246,S6PA00217,,
Welsh Carson Anderson Stowe,Bob Corker,47500,C001071,1825,412248,S6TN00216,S4TN00187,
Apollo Education Group,Harry Reid,47450,R000146,952,300082,S6NV00028,,
Sullivan and Cromwell LLP,Mike Lee,47335,L000577,2080,412495,S0UT00165,,
SCANA,Richard Burr,47325,B001135,153,400054,S4NC00089,H2NC05074,
None,Angus Stanley King Jr,47300,K000383,2185,412545,S2ME00109,,
Trident Seafoods,Lisa Murkowski,47300,M001153,1694,300075,S4AK00099,,
Kirkland & Ellis,Charles Schumer,47250,S000148,1036,300087,S8NY00082,H0NY16010,
Medline Industries,Mark Kirk,47200,K000360,1647,400222,S0IL00261,H0IL10120,
Comcast,Harry Reid,47100,R000146,952,300082,S6NV00028,,
The Simmons Law Firm,Richard Durbin,47000,D000563,326,300038,S6IL00151,H2IL20026,
Kaiser Permanente,Barbara Boxer,46955,B000711,116,300011,S2CA00286,H2CA06028,P80003247
Walmart,John Boozman,46850,B001236,1687,400040,S0AR00150,H2AR03176,
Ares Management LLC,Charles Schumer,46800,S000148,1036,300087,S8NY00082,H0NY16010,
Unknown,Thom R Tillis,46800,T000476,2291,412668,S4NC00162,,
General Atomics,Dianne Feinstein,46750,F000062,1332,300043,S0CA00199,,
Jones Day,Timothy Michael Kaine,46750,K000384,2176,412582,S2VA00142,,
U.S. Government,Kirsten Gillibrand,46750,G000555,1866,412223,S0NY00410,H6NY20167,
Union Pacific,Debra S Fischer,46750,F000463,2179,412556,S2NE00094,,
Peirson Patterson,Kirsten Gillibrand,46700,G000555,1866,412223,S0NY00410,H6NY20167,
Exelon,Mark Kirk,46650,K000360,1647,400222,S0IL00261,H0IL10120,
ExxonMobil,John Cornyn,46650,C001056,1692,300027,S2TX00106,,
Thorton and Naumes,Jon Tester,46600,T000464,1829,412244,S6MT00162,,
Target,Amy Klobuchar,46500,K000367,1826,412242,S6MN00267,,
Cox Enterprises,John Isakson,46400,I000055,1608,400194,S6GA00119,H8GA06146,
Dominion,Joe Manchin Iii,46400,M001183,1983,412391,S0WV00090,,
Ernst & Young,Mitch Mcconnell,46300,M000355,1395,300072,S2KY00012,,
Goldman Sachs,Dan Sullivan,46300,S001198,2290,412665,S4AK00214,,
U.S. Government,Michael F Bennet,46263,B001267,1965,412330,S0CO00211,,
Valero,John Cornyn,46250,C001056,1692,300027,S2TX00106,,
Arizona Public Service,John Mccain,46100,M000303,754,300071,S6AZ00019,P80002801,
Blackrock Capital Management,Mark Robert Warner,46100,W000805,1897,412321,S6VA00093,P80003023,
D. E. Shaw & Co.,Kirsten Gillibrand,46000,G000555,1866,412223,S0NY00410,H6NY20167,
Quinn Emanuel LLP,Cory A Booker,46000,B001288,2194,412598,S4NJ00185,,
Unknown,Bernard Sanders,45920,S000033,1010,400357,S4VT00033,H8VT01016,
Google,Ron Wyden,45800,W000779,1247,300100,S6OR00110,H0OR03026,
US Airways Group,Jeff Flake,45800,F000444,1633,400134,S2AZ00141,H0AZ01184,
Disney,Cory A Booker,45700,B001288,2194,412598,S4NJ00185,,
General Atomics,Thad Cochran,45700,C000567,213,300023,S8MS00055,,
NATIONAL REPUBLICAN SENATORIAL COMMITTEE,Dan Sullivan,45400,S001198,2290,412665,S4AK00214,,
NATIONAL REPUBLICAN SENATORIAL COMMITTEE,David Perdue,45400,P000612,2286,412666,S4GA11285,,
NATIONAL REPUBLICAN SENATORIAL COMMITTEE,Joni K Ernst,45400,E000295,2283,412667,S4IA00129,,
NATIONAL REPUBLICAN SENATORIAL COMMITTEE,Lamar Alexander,45400,A000360,1695,300002,S2TN00058,P60003225,
NATIONAL REPUBLICAN SENATORIAL COMMITTEE,Marion Michael Rounds,45400,R000605,2288,412669,S4SD00049,,
NATIONAL REPUBLICAN SENATORIAL COMMITTEE,Pat Roberts,45400,R000307,968,300083,S6KS00080,H0KS01016,
Cozen O'Connor,Robert Casey,45375,C001070,1828,412246,S6PA00217,,
Estee Lauder Companies,Kirsten Gillibrand,45373,G000555,1866,412223,S0NY00410,H6NY20167,
DLA Piper,Susan Collins,45300,C001035,1541,300025,S6ME00159,,
SCANA,Lindsey Graham,45300,G000359,452,300047,S0SC00149,H4SC03087,
Akerman Senterfitt,Bill Nelson,45250,N000032,859,300078,S8FL00166,,
Jones Day,Rob Portman,45200,P000449,924,400325,S0OH00133,H4OH02032,
Simmons Cooper,Harry Reid,45200,R000146,952,300082,S6NV00028,,
Medistar Corporation,Orrin Hatch,45150,H000338,1351,300052,S6UT00063,P00003806,
Morgan Stanley,Mark Robert Warner,45100,W000805,1897,412321,S6VA00093,P80003023,
JPMorgan Chase,Rob Portman,45050,P000449,924,400325,S0OH00133,H4OH02032,
Boies, Schiller & Flexner,Charles Schumer,44850,S000148,1036,300087,S8NY00082,H0NY16010,
Homemaker,Jeff Flake,44840,F000444,1633,400134,S2AZ00141,H0AZ01184,
Hunton and Williams LLP,Timothy Michael Kaine,44839,K000384,2176,412582,S2VA00142,,
None,Robert Casey,44800,C001070,1828,412246,S6PA00217,,
PG&E,Lisa Murkowski,44750,M001153,1694,300075,S4AK00099,,
Skadden, Arps, Slate, Meagher & Flom,Timothy Michael Kaine,44750,K000384,2176,412582,S2VA00142,,
Susman Godfrey LLP,Barbara Boxer,44750,B000711,116,300011,S2CA00286,H2CA06028,P80003247
U.S. Government,Tammy Baldwin,44580,B001230,1558,400013,S2WI00219,H8WI00018,
American Income Life Insurance,Harry Reid,44500,R000146,952,300082,S6NV00028,,
Stanford University,Barbara Boxer,44500,B000711,116,300011,S2CA00286,H2CA06028,P80003247
WilmerHale,Charles Schumer,44500,S000148,1036,300087,S8NY00082,H0NY16010,
Self Employed,Steven Daines,44492,D000618,2138,412549,S2MT00096,H2MT01060,
Baron & Budd,Harry Reid,44400,R000146,952,300082,S6NV00028,,
Air Products and Chemicals,Robert Casey,44200,C001070,1828,412246,S6PA00217,,
Not Employed,Al Franken,44014,F000457,1969,412378,S8MN00438,,
Thorton and Naumes,Lindsey Graham,44000,G000359,452,300047,S0SC00149,H4SC03087,
U.S. Government,Richard Blumenthal,43937,B001277,2076,412490,S0CT00177,,
Elliott Management,Bob Corker,43750,C001071,1825,412248,S6TN00216,S4TN00187,
J.P. Morgan,Bob Corker,43750,C001071,1825,412248,S6TN00216,S4TN00187,
motley rice,Heidi Heitkamp,43750,H001069,2174,412554,S2ND00099,,
KPMG,Charles Schumer,43650,S000148,1036,300087,S8NY00082,H0NY16010,
Bloomberg,Charles Schumer,43600,S000148,1036,300087,S8NY00082,H0NY16010,
C.V. Starr & Co,Kirsten Gillibrand,43550,G000555,1866,412223,S0NY00410,H6NY20167,
Boyd Gaming Corporation,Harry Reid,43450,R000146,952,300082,S6NV00028,,
Harris Corporation,Bill Nelson,43450,N000032,859,300078,S8FL00166,,
Thorton and Naumes,Harry Reid,43300,R000146,952,300082,S6NV00028,,
Travelers Companies,Mitch Mcconnell,43300,M000355,1395,300072,S2KY00012,,
Cravath Swaine and Moore LLP,Kirsten Gillibrand,43200,G000555,1866,412223,S0NY00410,H6NY20167,
Girardi Keese,Harry Reid,43200,R000146,952,300082,S6NV00028,,
Morgan Stanley,Cory A Booker,43200,B001288,2194,412598,S4NJ00185,,
Renaissance Technologies,Charles Schumer,43200,S000148,1036,300087,S8NY00082,H0NY16010,
Thorton and Naumes,Elizabeth Warren,43200,W000817,2182,412542,S2MA00170,,
BNY Mellon,Charles Schumer,43150,S000148,1036,300087,S8NY00082,H0NY16010,
DEMOCRATIC SENATORIAL CAMPAIGN COMMITTEE,Bill Nelson,43100,N000032,859,300078,S8FL00166,,
DEMOCRATIC SENATORIAL CAMPAIGN COMMITTEE,Claire Mccaskill,43100,M001170,1820,412243,S6MO00305,P80005721,
DEMOCRATIC SENATORIAL CAMPAIGN COMMITTEE,Debbie Ann Stabenow,43100,S000770,1531,300093,S8MI00281,H6MI08163,
DEMOCRATIC SENATORIAL CAMPAIGN COMMITTEE,Heidi Heitkamp,43100,H001069,2174,412554,S2ND00099,,
DEMOCRATIC SENATORIAL CAMPAIGN COMMITTEE,Joe Donnelly,43100,D000607,1850,412205,S2IN00091,H4IN02101,
DEMOCRATIC SENATORIAL CAMPAIGN COMMITTEE,Jon Tester,43100,T000464,1829,412244,S6MT00162,,
DEMOCRATIC SENATORIAL CAMPAIGN COMMITTEE,Martin Heinrich,43100,H001046,1937,412281,S2NM00088,H8NM01224,
DEMOCRATIC SENATORIAL CAMPAIGN COMMITTEE,Mazie Hirono,43100,H001042,1844,412200,S2HI00106,H6HI02251,
DEMOCRATIC SENATORIAL CAMPAIGN COMMITTEE,Sherrod Brown,43100,B000944,136,400050,S6OH00163,H2OH13033,
DEMOCRATIC SENATORIAL CAMPAIGN COMMITTEE,Tammy Baldwin,43100,B001230,1558,400013,S2WI00219,H8WI00018,
DEMOCRATIC SENATORIAL CAMPAIGN COMMITTEE,Timothy Michael Kaine,43100,K000384,2176,412582,S2VA00142,,
General Electric,Richard Shelby,43100,S000320,1049,300089,S6AL00013,,
Goldman Sachs,Bob Corker,43100,C001071,1825,412248,S6TN00216,S4TN00187,
NATIONAL REPUBLICAN SENATORIAL COMMITTEE,Dean Heller,43100,H001041,1863,412218,S2NV00183,H6NV02164,
Elliott Management,Susan Collins,42850,C001035,1541,300025,S6ME00159,,
Peabody Energy,Roy Blunt,42850,B000575,1464,400034,S0MO00183,H6MO07128,
Unknown,Debbie Ann Stabenow,42716,S000770,1531,300093,S8MI00281,H6MI08163,
Capital Group Companies,Mitch Mcconnell,42700,M000355,1395,300072,S2KY00012,,
JPMorgan Chase,Debbie Ann Stabenow,42680,S000770,1531,300093,S8MI00281,H6MI08163,
DEMOCRATIC SENATORIAL CAMPAIGN COMMITTEE,Barbara Boxer,42600,B000711,116,300011,S2CA00286,H2CA06028,P80003247
DEMOCRATIC SENATORIAL CAMPAIGN COMMITTEE,Christopher A Coons,42600,C001088,1984,412390,S0DE00092,,
DEMOCRATIC SENATORIAL CAMPAIGN COMMITTEE,Harry Reid,42600,R000146,952,300082,S6NV00028,,
DEMOCRATIC SENATORIAL CAMPAIGN COMMITTEE,Joe Manchin Iii,42600,M001183,1983,412391,S0WV00090,,
DEMOCRATIC SENATORIAL CAMPAIGN COMMITTEE,Patty Murray,42600,M001111,1409,300076,S2WA00189,,
NATIONAL REPUBLICAN SENATORIAL COMMITTEE,Daniel R Coats,42600,C000542,209,402675,S0IN00053,,
NATIONAL REPUBLICAN SENATORIAL COMMITTEE,David Vitter,42600,V000127,1609,400418,S4LA00057,H0LA01079,
NATIONAL REPUBLICAN SENATORIAL COMMITTEE,John Boozman,42600,B001236,1687,400040,S0AR00150,H2AR03176,
NATIONAL REPUBLICAN SENATORIAL COMMITTEE,John Mccain,42600,M000303,754,300071,S6AZ00019,P80002801,
NATIONAL REPUBLICAN SENATORIAL COMMITTEE,Kelly A Ayotte,42600,A000368,2075,412493,S0NH00235,,
NATIONAL REPUBLICAN SENATORIAL COMMITTEE,Marco Rubio,42600,R000595,2084,412491,S0FL00338,,
NATIONAL REPUBLICAN SENATORIAL COMMITTEE,Mark Kirk,42600,K000360,1647,400222,S0IL00261,H0IL10120,
NATIONAL REPUBLICAN SENATORIAL COMMITTEE,Patrick Joseph Toomey,42600,T000461,2085,400408,S4PA00121,H8PA15096,
NATIONAL REPUBLICAN SENATORIAL COMMITTEE,Rand Paul,42600,P000603,2082,412492,S0KY00156,,
NATIONAL REPUBLICAN SENATORIAL COMMITTEE,Richard Burr,42600,B001135,153,400054,S4NC00089,H2NC05074,
ExxonMobil,Mitch Mcconnell,42301,M000355,1395,300072,S2KY00012,,
Morgan Lewis and Bockius LLP,Rafael Edward Ted Cruz,42300,C001098,2175,412573,S2TX00312,,
Google,Elizabeth Warren,42275,W000817,2182,412542,S2MA00170,,
Twentieth Century Fox,Barbara Boxer,42250,B000711,116,300011,S2CA00286,H2CA06028,P80003247
Columbia University,Charles Schumer,42200,S000148,1036,300087,S8NY00082,H0NY16010,
J.P. Morgan,Mitch Mcconnell,42200,M000355,1395,300072,S2KY00012,,
state of nd,John Hoeven,42114,H001061,2079,412494,S0ND00093,,
Cantor Fitzgerald,Charles Schumer,42100,S000148,1036,300087,S8NY00082,H0NY16010,
Cooney & Conway,Charles Schumer,42100,S000148,1036,300087,S8NY00082,H0NY16010,
King & Spalding,John Isakson,42050,I000055,1608,400194,S6GA00119,H8GA06146,
Lf Usa,Cory A Booker,42000,B001288,2194,412598,S4NJ00185,,
Lsv Asset Management,Mark Kirk,42000,K000360,1647,400222,S0IL00261,H0IL10120,
Boeing,Roy Blunt,41916,B000575,1464,400034,S0MO00183,H6MO07128,
Goldman Sachs,Harry Reid,41700,R000146,952,300082,S6NV00028,,
Dow Chemical Company,Debbie Ann Stabenow,41607,S000770,1531,300093,S8MI00281,H6MI08163,
Kushner Companies,Cory A Booker,41600,B001288,2194,412598,S4NJ00185,,
Madison Dearborn Partners,Patrick Joseph Toomey,41500,T000461,2085,400408,S4PA00121,H8PA15096,
University Of Washington,Maria Cantwell,41500,C000127,172,300018,S8WA00194,H2WA01054,
Boeing,Timothy Scott,41499,S001184,2056,412471,S4SC00240,H0SC01279,
Kirkland & Ellis,Michael F Bennet,41484,B001267,1965,412330,S0CO00211,,
Not Available,James Inhofe,41450,I000024,583,300055,S4OK00083,H6OK01102,
United Airlines,Patty Murray,41450,M001111,1409,300076,S2WA00189,,
Peabody Energy,Mitch Mcconnell,41400,M000355,1395,300072,S2KY00012,,
Unknown,Patty Murray,41333,M001111,1409,300076,S2WA00189,,
mazzetta company llc,Mark Kirk,41300,K000360,1647,400222,S0IL00261,H0IL10120,
miller and martin llp,Bob Corker,41255,C001071,1825,412248,S6TN00216,S4TN00187,
Citigroup,Michael F Bennet,41250,B001267,1965,412330,S0CO00211,,
Express Scripts,Roy Blunt,41200,B000575,1464,400034,S0MO00183,H6MO07128,
Power Home Remodeling Group,Cory A Booker,41150,B001288,2194,412598,S4NJ00185,,
JPMorgan Chase,Jon Tester,41000,T000464,1829,412244,S6MT00162,,
Unknown,Al Franken,40970,F000457,1969,412378,S8MN00438,,
International Paper,Lamar Alexander,40950,A000360,1695,300002,S2TN00058,P60003225,
NYSE Euronext,Kirsten Gillibrand,40950,G000555,1866,412223,S0NY00410,H6NY20167,
Anschutz Corporation,Michael F Bennet,40900,B001267,1965,412330,S0CO00211,,
MetLife,John Reed,40900,R000122,949,300081,S6RI00163,H0RI02071,
Prudential Financial,Mark Robert Warner,40850,W000805,1897,412321,S6VA00093,P80003023,
Citigroup,Cory A Booker,40750,B001288,2194,412598,S4NJ00185,,
Citigroup,Jon Tester,40700,T000464,1829,412244,S6MT00162,,
New Breed,Richard Burr,40700,B001135,153,400054,S4NC00089,H2NC05074,
Unknown,Mark Kirk,40669,K000360,1647,400222,S0IL00261,H0IL10120,
DRS Technologies,Bill Nelson,40667,N000032,859,300078,S8FL00166,,
Altria,Mitch Mcconnell,40600,M000355,1395,300072,S2KY00012,,
GTCR LLC,Mark Kirk,40600,K000360,1647,400222,S0IL00261,H0IL10120,
None,Shelley Capito,40600,C001047,1676,400061,S4WV00159,H0WV02138,
Polsinelli,Claire Mccaskill,40600,M001170,1820,412243,S6MO00305,P80005721,
Squire Sanders and Dempsey,Rob Portman,40600,P000449,924,400325,S0OH00133,H4OH02032,
Capital One Financial Corporation,Mitch Mcconnell,40500,M000355,1395,300072,S2KY00012,,
Apollo Global Management,Mitch Mcconnell,40450,M000355,1395,300072,S2KY00012,,
Elliott Management,Timothy Scott,40450,S001184,2056,412471,S4SC00240,H0SC01279,
KKR & Co. L.P.,Orrin Hatch,40400,H000338,1351,300052,S6UT00063,P00003806,
None,Timothy Scott,40400,S001184,2056,412471,S4SC00240,H0SC01279,
Viacom,Kirsten Gillibrand,40300,G000555,1866,412223,S0NY00410,H6NY20167,
Comcast,Patrick Joseph Toomey,40200,T000461,2085,400408,S4PA00121,H8PA15096,
AT&T,Harry Reid,40150,R000146,952,300082,S6NV00028,,
Disney,Patrick Leahy,40100,L000174,1383,300065,S4VT00017,,
U.S. Government,Mitch Mcconnell,40100,M000355,1395,300072,S2KY00012,,
Union Pacific,Mitch Mcconnell,40050,M000355,1395,300072,S2KY00012,,
IntercontinentalExchange,Charles Schumer,40000,S000148,1036,300087,S8NY00082,H0NY16010,
Richie's Pharmacy,John Barrasso,40000,B001261,1881,412251,S6WY00068,,
Goldman Sachs,Timothy Scott,39850,S001184,2056,412471,S4SC00240,H0SC01279,
Fragomen, Del Rey, Bernsen & Loewy, Ll,Charles Schumer,39800,S000148,1036,300087,S8NY00082,H0NY16010,
Paul Weiss Rifkind Wharton and Garrison LLP,Richard Durbin,39800,D000563,326,300038,S6IL00151,H2IL20026,
Simpson Thacher and Bartlett LLP,Charles Schumer,39550,S000148,1036,300087,S8NY00082,H0NY16010,
Edison Chouest Offshore,Lisa Murkowski,39500,M001153,1694,300075,S4AK00099,,
Facebook,Cory A Booker,39500,B001288,2194,412598,S4NJ00185,,
Ford Motor Company,Debbie Ann Stabenow,39475,S000770,1531,300093,S8MI00281,H6MI08163,
UPS,Mitch Mcconnell,39450,M000355,1395,300072,S2KY00012,,
Duke Energy,Richard Burr,39319,B001135,153,400054,S4NC00089,H2NC05074,
Thorton and Naumes,Sheldon Whitehouse,39200,W000802,1823,412247,S6RI00221,,
York Capital Management,Kirsten Gillibrand,39200,G000555,1866,412223,S0NY00410,H6NY20167,
Blackstone,Rob Portman,39170,P000449,924,400325,S0OH00133,H4OH02032,
Jones Day,Rafael Edward Ted Cruz,39100,C001098,2175,412573,S2TX00312,,
None,Amy Klobuchar,39100,K000367,1826,412242,S6MN00267,,
Greenberg Traurig, LLP,Bill Nelson,39075,N000032,859,300078,S8FL00166,,
Massachusetts General Hospital,Elizabeth Warren,39050,W000817,2182,412542,S2MA00170,,
Blue Mountain Capital Management,Charles Schumer,39000,S000148,1036,300087,S8NY00082,H0NY16010,
General Electric,Roy Blunt,39000,B000575,1464,400034,S0MO00183,H6MO07128,
Kindred Healthcare,Robert Men�ndez,39000,M000639,791,400272,S6NJ00289,H2NJ13075,
Schulte Roth and Zabel LLP,Kirsten Gillibrand,39000,G000555,1866,412223,S0NY00410,H6NY20167,
Sanford Health,John Thune,38943,T000250,1534,400546,S2SD00068,H6SD00085,
Carella Byrne,Cory A Booker,38850,B001288,2194,412598,S4NJ00185,,
General Electric,John Mccain,38800,M000303,754,300071,S6AZ00019,P80002801,
Wfu Baptist Medical Center,Richard Burr,38740,B001135,153,400054,S4NC00089,H2NC05074,
Leon Medical Centers,Robert Men�ndez,38700,M000639,791,400272,S6NJ00289,H2NJ13075,
Maverick Capital,Kirsten Gillibrand,38700,G000555,1866,412223,S0NY00410,H6NY20167,
Blue Ridge Capital,Kirsten Gillibrand,38600,G000555,1866,412223,S0NY00410,H6NY20167,
Highfields Capital Management,Mark Kirk,38600,K000360,1647,400222,S0IL00261,H0IL10120,
USAA,John Cornyn,38600,C001056,1692,300027,S2TX00106,,
Aetna,Kelly A Ayotte,38550,A000368,2075,412493,S0NH00235,,
Blackstone,John Cornyn,38500,C001056,1692,300027,S2TX00106,,
Citigroup,Shelley Capito,38500,C001047,1676,400061,S4WV00159,H0WV02138,
The Carlyle Group,Mark Robert Warner,38500,W000805,1897,412321,S6VA00093,P80003023,
Promontory Financial Group,Charles Schumer,38450,S000148,1036,300087,S8NY00082,H0NY16010,
KKR & Co. L.P.,John Mccain,38400,M000303,754,300071,S6AZ00019,P80002801,
Rjr,Richard Burr,38376,B001135,153,400054,S4NC00089,H2NC05074,
Citigroup,Mark Robert Warner,38350,W000805,1897,412321,S6VA00093,P80003023,
McDermott Will and Emery,Robert Men�ndez,38350,M000639,791,400272,S6NJ00289,H2NJ13075,
Verizon Communications,Robert Men�ndez,38350,M000639,791,400272,S6NJ00289,H2NJ13075,
White and Case LLP,Kirsten Gillibrand,38350,G000555,1866,412223,S0NY00410,H6NY20167,
Lazard,Cory A Booker,38300,B001288,2194,412598,S4NJ00185,,
Citigroup,Patrick Joseph Toomey,38200,T000461,2085,400408,S4PA00121,H8PA15096,
Baker Hughes,Mike Lee,38050,L000577,2080,412495,S0UT00165,,
Boeing,Richard Durbin,38000,D000563,326,300038,S6IL00151,H2IL20026,
Simpson Thacher and Bartlett LLP,Kirsten Gillibrand,37900,G000555,1866,412223,S0NY00410,H6NY20167,
JPMorgan Chase,Cory A Booker,37800,B001288,2194,412598,S4NJ00185,,
Kirkham, Alisa Ms,Mike Lee,37800,L000577,2080,412495,S0UT00165,,
Yale University,Richard Blumenthal,37800,B001277,2076,412490,S0CT00177,,
JPMorgan Chase,Mitch Mcconnell,37775,M000355,1395,300072,S2KY00012,,
Wells Fargo,Charles Schumer,37700,S000148,1036,300087,S8NY00082,H0NY16010,
Elliott Management,John Cornyn,37650,C001056,1692,300027,S2TX00106,,
U.S. Bancorp,Amy Klobuchar,37650,K000367,1826,412242,S6MN00267,,
New Breed Logistics,Thom R Tillis,37600,T000476,2291,412668,S4NC00162,,
Cardinal Health,Rob Portman,37500,P000449,924,400325,S0OH00133,H4OH02032,
Goldman Sachs,John Cornyn,37500,C001056,1692,300027,S2TX00106,,
Goldman Sachs,Patrick Joseph Toomey,37500,T000461,2085,400408,S4PA00121,H8PA15096,
Lockheed Martin,Charles Schumer,37500,S000148,1036,300087,S8NY00082,H0NY16010,
The Carlyle Group,Kirsten Gillibrand,37500,G000555,1866,412223,S0NY00410,H6NY20167,
Girardi and Keese,Patrick Leahy,37400,L000174,1383,300065,S4VT00017,,
Visa,Jon Tester,37400,T000464,1829,412244,S6MT00162,,
Mccombs Enterprises,Rafael Edward Ted Cruz,37350,C001098,2175,412573,S2TX00312,,
Squire Sanders,Rob Portman,37350,P000449,924,400325,S0OH00133,H4OH02032,
Blackstone,Patrick Joseph Toomey,37235,T000461,2085,400408,S4PA00121,H8PA15096,
United Food and Commercial Workers International Union,Robert Casey,37229,C001070,1828,412246,S6PA00217,,
Buchanan Ingersoll & Rooney,Robert Casey,37219,C001070,1828,412246,S6PA00217,,
Patton Boggs,Michael F Bennet,37176,B001267,1965,412330,S0CO00211,,
Fidelity,Richard Shelby,37000,S000320,1049,300089,S6AL00013,,
Travelers Companies,Christopher Murphy,37000,M001169,1837,412194,S2CT00132,H6CT05124,
Retired,Jeffrey Alan Merkley,36950,M001176,1900,412325,S8OR00207,,
Elliott Management,John Mccain,36900,M000303,754,300071,S6AZ00019,P80002801,
Self Employed,Jefferson Sessions,36750,S001141,1548,300088,S6AL00195,,
W.L. Gore and Associates,Christopher A Coons,36750,C001088,1984,412390,S0DE00092,,
Grant & Eisenhofer,Robert Men�ndez,36700,M000639,791,400272,S6NJ00289,H2NJ13075,
Hallmark Cards,Roy Blunt,36700,B000575,1464,400034,S0MO00183,H6MO07128,
Foley & Lardner,Ronald Harold Johnson,36650,J000293,2086,412496,S0WI00197,,
Sac Capital Advisors,Patrick Joseph Toomey,36500,T000461,2085,400408,S4PA00121,H8PA15096,
Sullivan and Cromwell LLP,Christopher Murphy,36500,M001169,1837,412194,S2CT00132,H6CT05124,
Brand Sonnenschine & Co,Cory A Booker,36400,B001288,2194,412598,S4NJ00185,,
Elliott Management,Mitch Mcconnell,36400,M000355,1395,300072,S2KY00012,,
Elliott Management,John Boozman,36261,B001236,1687,400040,S0AR00150,H2AR03176,
Elliott Management,Orrin Hatch,36250,H000338,1351,300052,S6UT00063,P00003806,
Elliott Management,Roger Wicker,36250,W000437,1226,400432,S8MS00196,H4MS01078,
Charmer Sunbelt Group,Charles Schumer,36200,S000148,1036,300087,S8NY00082,H0NY16010,
Elliott Management,Lindsey Graham,36050,G000359,452,300047,S0SC00149,H4SC03087,
Blackstone,Thomas Carper,36000,C000174,179,300019,S8DE00079,,
Blue Ridge Capital,Charles Schumer,36000,S000148,1036,300087,S8NY00082,H0NY16010,
Centene,Joe Manchin Iii,36000,M001183,1983,412391,S0WV00090,,
PricewaterhouseCoopers,Charles Schumer,36000,S000148,1036,300087,S8NY00082,H0NY16010,
Prime, Inc.,Roy Blunt,35900,B000575,1464,400034,S0MO00183,H6MO07128,
Goldman Sachs,Mark Kirk,35850,K000360,1647,400222,S0IL00261,H0IL10120,
Not Available,Mazie Hirono,35850,H001042,1844,412200,S2HI00106,H6HI02251,
Guardian Life Insurance Company of America,Harry Reid,35800,R000146,952,300082,S6NV00028,,
Humanscale,Timothy Scott,35800,S001184,2056,412471,S4SC00240,H0SC01279,
University Of Pennsylvania,Robert Casey,35700,C001070,1828,412246,S6PA00217,,
Fidelity,Harry Reid,35600,R000146,952,300082,S6NV00028,,
Georgia Power Company,John Isakson,35600,I000055,1608,400194,S6GA00119,H8GA06146,
Holland and Knight,Bill Nelson,35500,N000032,859,300078,S8FL00166,,
Retired,Robert Casey,35441,C001070,1828,412246,S6PA00217,,
UBS,Charles Schumer,35400,S000148,1036,300087,S8NY00082,H0NY16010,
belfer management llc,Richard Blumenthal,35400,B001277,2076,412490,S0CT00177,,
DLA Piper,Timothy Michael Kaine,35250,K000384,2176,412582,S2VA00142,,
American Electric Power,Joe Manchin Iii,35200,M001183,1983,412391,S0WV00090,,
Chevron,Mitch Mcconnell,35200,M000355,1395,300072,S2KY00012,,
Facebook,Charles Schumer,35200,S000148,1036,300087,S8NY00082,H0NY16010,
Boies, Schiller & Flexner,Richard Blumenthal,35150,B001277,2076,412490,S0CT00177,,
Marathon Petroleum,Mitch Mcconnell,35150,M000355,1395,300072,S2KY00012,,
Alticor,Kelly A Ayotte,35100,A000368,2075,412493,S0NH00235,,
eli and edythe broad foundation,Charles Schumer,35100,S000148,1036,300087,S8NY00082,H0NY16010,
Unknown,Mike Lee,35050,L000577,2080,412495,S0UT00165,,
Boeing,Richard Shelby,35000,S000320,1049,300089,S6AL00013,,
Liberty Mutual Group,Michael Crapo,35000,C000880,250,300030,S8ID00027,H2ID02034,
Powell Construction,Bob Corker,35000,C001071,1825,412248,S6TN00216,S4TN00187,
Toys R Us,Amy Klobuchar,35000,K000367,1826,412242,S6MN00267,,
Warburg Pincus,Orrin Hatch,35000,H000338,1351,300052,S6UT00063,P00003806,
Berger & Montague,Robert Casey,34950,C001070,1828,412246,S6PA00217,,
Oaktree Capital Management,Orrin Hatch,34900,H000338,1351,300052,S6UT00063,P00003806,
Sullivan and Cromwell LLP,Mark Robert Warner,34900,W000805,1897,412321,S6VA00093,P80003023,
Wachtell, Lipton, Rosen & Katz,Kirsten Gillibrand,34850,G000555,1866,412223,S0NY00410,H6NY20167,
State Of Connecticut,Richard Blumenthal,34831,B001277,2076,412490,S0CT00177,,
Van Wagner,Charles Schumer,34800,S000148,1036,300087,S8NY00082,H0NY16010,
Comcast,Patrick Leahy,34750,L000174,1383,300065,S4VT00017,,
RPM International, Inc.,Dan Sullivan,34700,S001198,2290,412665,S4AK00214,,
First Energy,Joe Manchin Iii,34650,M001183,1983,412391,S0WV00090,,
DLA Piper,Charles Schumer,34600,S000148,1036,300087,S8NY00082,H0NY16010,
Goldman Sachs,Richard Shelby,34600,S000320,1049,300089,S6AL00013,,
Jones Day,Patrick Joseph Toomey,34600,T000461,2085,400408,S4PA00121,H8PA15096,
BNY Mellon,Mitch Mcconnell,34550,M000355,1395,300072,S2KY00012,,
Comcast,Mitch Mcconnell,34550,M000355,1395,300072,S2KY00012,,
Delta Air Lines,Charles Schumer,34500,S000148,1036,300087,S8NY00082,H0NY16010,
Goodwin Procter LLP,Elizabeth Warren,34500,W000817,2182,412542,S2MA00170,,
Elliott Management,Debra S Fischer,34497,F000463,2179,412556,S2NE00094,,
Girardi Keese,Patrick Leahy,34464,L000174,1383,300065,S4VT00017,,
Cohen Group, The,Susan Collins,34393,C001035,1541,300025,S6ME00159,,
Citigroup,Christopher A Coons,34350,C001088,1984,412390,S0DE00092,,
Blackstone,Kelly A Ayotte,34300,A000368,2075,412493,S0NH00235,,
Kasowitz, Benson, Torres & Friedman,Charles Schumer,34300,S000148,1036,300087,S8NY00082,H0NY16010,
Visa,Charles Schumer,34300,S000148,1036,300087,S8NY00082,H0NY16010,
Elliott Management,Daniel R Coats,34261,C000542,209,402675,S0IN00053,,
State Of Washington,Patty Murray,34250,M001111,1409,300076,S2WA00189,,
Unknown,James Inhofe,34225,I000024,583,300055,S4OK00083,H6OK01102,
American Express,Richard Shelby,34200,S000320,1049,300089,S6AL00013,,
Elliott Management,Shelley Capito,34200,C001047,1676,400061,S4WV00159,H0WV02138,
Renaissance Technologies,Harry Reid,34200,R000146,952,300082,S6NV00028,,
Unknown,Joni K Ernst,34170,E000295,2283,412667,S4IA00129,,
Aetna,Mitch Mcconnell,34150,M000355,1395,300072,S2KY00012,,
Accurso Law Firm,Claire Mccaskill,34100,M001170,1820,412243,S6MO00305,P80005721,
Hospital Corporation of America,Bob Corker,34100,C001071,1825,412248,S6TN00216,S4TN00187,
Paul, Weiss, Rifkind, Wharton Et Al,Dan Sullivan,34001,S001198,2290,412665,S4AK00214,,
Berger & Montague,Elizabeth Warren,34000,W000817,2182,412542,S2MA00170,,
Brandeis University,Elizabeth Warren,34000,W000817,2182,412542,S2MA00170,,
Harris Corporation,Mark Robert Warner,34000,W000805,1897,412321,S6VA00093,P80003023,
Merck,Robert Men�ndez,33900,M000639,791,400272,S6NJ00289,H2NJ13075,
Williams & Jensen,Rob Portman,33900,P000449,924,400325,S0OH00133,H4OH02032,
Wells Fargo,Mark Robert Warner,33850,W000805,1897,412321,S6VA00093,P80003023,
Novogradac & Company Llp,Pat Roberts,33800,R000307,968,300083,S6KS00080,H0KS01016,
Cablevision Systems,Charles Schumer,33750,S000148,1036,300087,S8NY00082,H0NY16010,
Corning,Charles Schumer,33750,S000148,1036,300087,S8NY00082,H0NY16010,
Deloitte,Mitch Mcconnell,33750,M000355,1395,300072,S2KY00012,,
DuPont,Christopher A Coons,33700,C001088,1984,412390,S0DE00092,,
Thorton and Naumes,Sherrod Brown,33700,B000944,136,400050,S6OH00163,H2OH13033,
Cintas Corporation,Rob Portman,33600,P000449,924,400325,S0OH00133,H4OH02032,
Coca-Cola Company,John Isakson,33600,I000055,1608,400194,S6GA00119,H8GA06146,
Law Offices of Peter G. Angelos ,Charles Schumer,33600,S000148,1036,300087,S8NY00082,H0NY16010,
Law Offices of Peter G. Angelos ,Harry Reid,33600,R000146,952,300082,S6NV00028,,
Robins Kaplan,Amy Klobuchar,33600,K000367,1826,412242,S6MN00267,,
Unknown,Michael Crapo,33500,C000880,250,300030,S8ID00027,H2ID02034,
Elliott Management,Dean Heller,33497,H001041,1863,412218,S2NV00183,H6NV02164,
WellPoint,Mitch Mcconnell,33450,M000355,1395,300072,S2KY00012,,
Kindred Healthcare,Bill Nelson,33400,N000032,859,300078,S8FL00166,,
Comcast,Kirsten Gillibrand,33375,G000555,1866,412223,S0NY00410,H6NY20167,
Air Products and Chemicals,Patrick Joseph Toomey,33350,T000461,2085,400408,S4PA00121,H8PA15096,
DaVita Health Care Partners,Michael F Bennet,33300,B001267,1965,412330,S0CO00211,,
Marsh and McLennan Companies,Mitch Mcconnell,33300,M000355,1395,300072,S2KY00012,,
Boeing,Lindsey Graham,33293,G000359,452,300047,S0SC00149,H4SC03087,
Student,Rand Paul,33253,P000603,2082,412492,S0KY00156,,
Bingham McCutchen LLP,Elizabeth Warren,33250,W000817,2182,412542,S2MA00170,,
McKinsey and Company,Benjamin E Sasse,33250,S001197,2289,412671,S4NE00090,,
Medco Health Solutions,Robert Men�ndez,33250,M000639,791,400272,S6NJ00289,H2NJ13075,
Greenberg Traurig, LLP,Mark Kirk,33200,K000360,1647,400222,S0IL00261,H0IL10120,
Blackstone,John Thune,33199,T000250,1534,400546,S2SD00068,H6SD00085,
Edward D. Jones & Co,Roy Blunt,33100,B000575,1464,400034,S0MO00183,H6MO07128,
Goldman Sachs,Mark Robert Warner,33100,W000805,1897,412321,S6VA00093,P80003023,
KKR & Co. L.P.,Mitch Mcconnell,33100,M000355,1395,300072,S2KY00012,,
M Financial Group,Ron Wyden,33100,W000779,1247,300100,S6OR00110,H0OR03026,
General Motors,Debbie Ann Stabenow,33050,S000770,1531,300093,S8MI00281,H6MI08163,
New York Life,Kirsten Gillibrand,33050,G000555,1866,412223,S0NY00410,H6NY20167,
Day & Zimmermann,Patrick Joseph Toomey,32950,T000461,2085,400408,S4PA00121,H8PA15096,
Anheuser-Busch,Roy Blunt,32900,B000575,1464,400034,S0MO00183,H6MO07128,
Blackstone,Pat Roberts,32800,R000307,968,300083,S6KS00080,H0KS01016,
Montefiore Medical Center,Charles Schumer,32800,S000148,1036,300087,S8NY00082,H0NY16010,
Saba Capital,Cory A Booker,32800,B001288,2194,412598,S4NJ00185,,
General Dynamics,Dianne Feinstein,32750,F000062,1332,300043,S0CA00199,,
Steptoe & Johnson,Michael F Bennet,32750,B001267,1965,412330,S0CO00211,,
U.S. Bancorp,Rob Portman,32750,P000449,924,400325,S0OH00133,H4OH02032,
Intuit,Harry Reid,32700,R000146,952,300082,S6NV00028,,
york capital,Charles Schumer,32700,S000148,1036,300087,S8NY00082,H0NY16010,
K&L Gates,Robert Casey,32695,C001070,1828,412246,S6PA00217,,
Merck,Cory A Booker,32600,B001288,2194,412598,S4NJ00185,,
Walton Street Capital,Charles Schumer,32600,S000148,1036,300087,S8NY00082,H0NY16010,
Blackstone,Mark Kirk,32500,K000360,1647,400222,S0IL00261,H0IL10120,
Cancer Treatment Centers,Jeff Flake,32500,F000444,1633,400134,S2AZ00141,H0AZ01184,
Citadel,Richard Shelby,32500,S000320,1049,300089,S6AL00013,,
Abbott Laboratories,Mark Kirk,32450,K000360,1647,400222,S0IL00261,H0IL10120,
Susman Godfrey LLP,Kirsten Gillibrand,32400,G000555,1866,412223,S0NY00410,H6NY20167,
Comcast,Michael F Bennet,32350,B001267,1965,412330,S0CO00211,,
Michigan State University,Debbie Ann Stabenow,32330,S000770,1531,300093,S8MI00281,H6MI08163,
shipman and goodwin llp,Christopher Murphy,32301,M001169,1837,412194,S2CT00132,H6CT05124,
Thorton and Naumes,Richard Durbin,32300,D000563,326,300038,S6IL00151,H2IL20026,
Federated Investors, Inc.,Robert Men�ndez,32200,M000639,791,400272,S6NJ00289,H2NJ13075,
Hollister, Inc.,Mark Kirk,32200,K000360,1647,400222,S0IL00261,H0IL10120,
Not Available,Patty Murray,32161,M001111,1409,300076,S2WA00189,,
Guardian Life Insurance Company of America,John Thune,32150,T000250,1534,400546,S2SD00068,H6SD00085,
Amazon.com,Mitch Mcconnell,32125,M000355,1395,300072,S2KY00012,,
Cablevision Systems,Richard Blumenthal,32100,B001277,2076,412490,S0CT00177,,
General Electric,Christopher Murphy,32100,M001169,1837,412194,S2CT00132,H6CT05124,
KPMG,David Perdue,32100,P000612,2286,412666,S4GA11285,,
Mintz Levin,Elizabeth Warren,32100,W000817,2182,412542,S2MA00170,,
Morgan Stanley,Lindsey Graham,32100,G000359,452,300047,S0SC00149,H4SC03087,
None,Debra S Fischer,32060,F000463,2179,412556,S2NE00094,,
energy solutions llc,Harry Reid,32050,R000146,952,300082,S6NV00028,,
BAE Systems,Dianne Feinstein,32000,F000062,1332,300043,S0CA00199,,
Columbia University,Elizabeth Warren,32000,W000817,2182,412542,S2MA00170,,
Homemaker,Richard Durbin,32000,D000563,326,300038,S6IL00151,H2IL20026,
Baker and McKenzie,Mark Kirk,31850,K000360,1647,400222,S0IL00261,H0IL10120,
First Hawaiian Bank,Brian Emanuel Schatz,31800,S001194,2173,412507,S4HI00136,H6HI02244,
Kirkland & Ellis,Timothy Michael Kaine,31770,K000384,2176,412582,S2VA00142,,
Cassidy & Associates,Harry Reid,31750,R000146,952,300082,S6NV00028,,
Fierce, Isakowitz, & Blalock,Roy Blunt,31700,B000575,1464,400034,S0MO00183,H6MO07128,
Weitz And Luxenberg,Harry Reid,31700,R000146,952,300082,S6NV00028,,
Nixon Peabody LLP,Elizabeth Warren,31698,W000817,2182,412542,S2MA00170,,
North American Properties,Rob Portman,31666,P000449,924,400325,S0OH00133,H4OH02032,
Drummond Company, Inc.,Joe Manchin Iii,31600,M001183,1983,412391,S0WV00090,,
Medtronic,Amy Klobuchar,31575,K000367,1826,412242,S6MN00267,,
New York Life,Mitch Mcconnell,31575,M000355,1395,300072,S2KY00012,,
DLA Piper,Robert Men�ndez,31500,M000639,791,400272,S6NJ00289,H2NJ13075,
mcguire woods llc,Mark Robert Warner,31500,W000805,1897,412321,S6VA00093,P80003023,
U.S. Government,Sherrod Brown,31496,B000944,136,400050,S6OH00163,H2OH13033,
Amgen ,Patty Murray,31400,M001111,1409,300076,S2WA00189,,
