DonorOrganization,RecipientCandidateNameNormalized,RecipientCandidateParty,DonorEntityType,total,,govtrack_id,
Bakery, Confectionery, Tobacco Workers, and Grain Millers International Union,Al Franken,Democrat-Farm-Labor,0,
Bakery, Confectionery, Tobacco Workers, and Grain Millers International Union,Amy Klobuchar,Democratic,0,
Bakery, Confectionery, Tobacco Workers, and Grain Millers International Union,Benjamin Cardin,Democratic,0,
Bakery, Confectionery, Tobacco Workers, and Grain Millers International Union,Bernard Sanders,Independent,0,
Bakery, Confectionery, Tobacco Workers, and Grain Millers International Union,Brad Ellsworth,Democratic,0,
Bakery, Confectionery, Tobacco Workers, and Grain Millers International Union,Charles Schumer,Democratic,0,
Bakery, Confectionery, Tobacco Workers, and Grain Millers International Union,Christopher A Coons,Democratic,0,
Bakery, Confectionery, Tobacco Workers, and Grain Millers International Union,Christopher Murphy,Democratic,0,
Bakery, Confectionery, Tobacco Workers, and Grain Millers International Union,Claire Mccaskill,Democratic,0,
Bakery, Confectionery, Tobacco Workers, and Grain Millers International Union,Debbie Ann Stabenow,Democratic,0,
Bakery, Confectionery, Tobacco Workers, and Grain Millers International Union,Elizabeth Warren,Democratic,0,
Bakery, Confectionery, Tobacco Workers, and Grain Millers International Union,Gary Peters,Democratic,0,
Bakery, Confectionery, Tobacco Workers, and Grain Millers International Union,Harry Reid,Democratic,0,
Bakery, Confectionery, Tobacco Workers, and Grain Millers International Union,Jeanne Shaheen,Democratic,0,
Bakery, Confectionery, Tobacco Workers, and Grain Millers International Union,Jeffrey Alan Merkley,Democratic,0,
Bakery, Confectionery, Tobacco Workers, and Grain Millers International Union,Joe Donnelly,Democratic,0,
Bakery, Confectionery, Tobacco Workers, and Grain Millers International Union,Joe Manchin Iii,Democratic,0,
Bakery, Confectionery, Tobacco Workers, and Grain Millers International Union,Kendrick Meek,Democratic,0,
Bakery, Confectionery, Tobacco Workers, and Grain Millers International Union,Kirsten Gillibrand,Democratic,0,
Bakery, Confectionery, Tobacco Workers, and Grain Millers International Union,Martin Heinrich,Democratic,0,
Bakery, Confectionery, Tobacco Workers, and Grain Millers International Union,Michael F Bennet,Democratic,0,
Bakery, Confectionery, Tobacco Workers, and Grain Millers International Union,Patty Murray,Democratic,0,
Bakery, Confectionery, Tobacco Workers, and Grain Millers International Union,Paul Hodes,Democratic,0,
Bakery, Confectionery, Tobacco Workers, and Grain Millers International Union,Robert Casey,Democratic,0,
Bakery, Confectionery, Tobacco Workers, and Grain Millers International Union,Sherrod Brown,\N,0,
Bakery, Confectionery, Tobacco Workers, and Grain Millers International Union,Tammy Baldwin,Democratic,0,
Bakery, Confectionery, Tobacco Workers, and Grain Millers International Union,Timothy Michael Kaine,Democratic,0,
Construction Services International, I,Patrick Joseph Toomey,Republican,Individual,600,0,
All-ways Forwarding International, Inc,Robert Men¥Ë_ndez,Democratic,Individual,1000,0,
Creative Associates International, Inc,Richard Blumenthal,Democratic,Individual,2000,0,
Advanced Solutions International, Inc.,Jon Tester,Democratic,Individual,500,0,
Advanced Solutions International, Inc.,Timothy Michael Kaine,Democratic,Individual,550,0,
Aerolease International, Inc.,Michael F Bennet,Democratic,Individual,1000,0,
Albertson International, Inc.,Angus Stanley King Jr,Independent,Individual,1000,0,
Alem International Management, Inc.,Michael F Bennet,Democratic,Individual,1000,0,
Amex International, Inc.,Paul Hodes,Democratic,Individual,250,0,
Amzi International, Inc.,Bill Nelson,Democratic,Individual,300,0,
Andrews International, Inc.,Charles Schumer,Democratic,Individual,1200,0,
Arrow International, Inc.,Arlen Specter,Republican,Individual,500,0,
Ars National Services, Inc.,Lindsey Graham,Republican,Individual,500,0,
Ashnu International, Inc.,Robert Men¥Ë_ndez,Democratic,Individual,300,0,
Associates International, Inc.,David Vitter,Republican,Individual,2400,0,
Associates International, Inc.,Jeff Flake,Republican,Individual,3000,0,
Associates International, Inc.,Michael Castle,Republican,Individual,4800,0,
Associates International, Inc.,Rafael Edward Ted Cruz,Republican,Individual,2500,0,
Av International, Inc.,Mark Robert Warner,Democratic,Individual,2600,0,
Av International, Inc.,Robert Casey,Democratic,Individual,2500,0,
Bekmez International, Inc.,Cory A Booker,Democratic,Individual,2000,0,
Blount International, Inc.,Ron Wyden,Democratic,Individual,5400,0,
Blue Beacon International, Inc.,Pat Roberts,\N,Individual,2000,0,
Brookside International, Inc.,Cory A Booker,Democratic,Individual,1000,0,
Ca Botana International, Inc.,Marco Rubio,Republican,Individual,250,0,
Caci International, Inc.,Mark Robert Warner,Democratic,Individual,1000,0,
Cap Pac - Separate Segregated Fund Of National Community Action Foundation, Inc.,Tom Udall,Democratic,Unknown,333,0,
Cap-pac Separate Segregated Fund Of National Community Action Foundation, Inc.,Jeanne Shaheen,Democratic,Unknown,1000,0,
Capital International, Inc.,Bob Corker,Republican,Individual,2500,0,
Capital International, Inc.,Christopher A Coons,Democratic,Individual,5200,0,
Central Transport International, Inc.,Harry Reid,Democratic,Individual,2400,0,
Cevasco International, Inc.,Mark Robert Warner,Democratic,Individual,1000,0,
Cgl International, Inc.,Sherrod Brown,Democratic,Individual,250,0,
Chemlube International, Inc.,Elizabeth Warren,Democratic,Individual,500,0,
Chemlube International, Inc.,Jeanne Shaheen,Democratic,Individual,500,0,
Chemlube International, Inc.,Joe Sestak,Democratic,Individual,250,0,
Choice Hotels International, Inc.,Chris Van Hollen,Democratic,Individual,5400,0,
Choice Hotels International, Inc.,Timothy Michael Kaine,Democratic,Individual,2500,0,
Coats Aloe International, Inc.,Orrin Hatch,\N,Individual,1000,0,
Cobalt International Energy, Inc.,Benjamin E Sasse,Republican,Individual,1000,0,
Cobalt International Engery, Inc.,Rafael Edward Ted Cruz,Republican,Individual,500,0,
Danya International, Inc.,Chris Van Hollen,Democratic,Individual,1250,0,
ALLIANCE ONE INTERNATIONAL, INC. PAC,Kay R Hagan,\N,,2000,0,
ALLIANCE ONE INTERNATIONAL, INC. PAC,Richard Burr,Republican,,4000,0,
Access International Capital, Llc,Dan Winslow,Republican,Individual,250,0,
Align International, Llc,Kirsten Gillibrand,\N,Individual,1000,0,
Axiom International Investors, Llc,Marion Michael Rounds,Republican,Individual,5200,0,
Carecore National, Llc,Thomas Carper,Democratic,Individual,500,0,
Chempak International, Llc,Dan Sullivan,Republican,Individual,5200,0,
Chempak International, Llc,Rob Portman,\N,Individual,250,0,
Children's International, Llc,Debra S Fischer,Republican,Individual,505,0,
Children's International, Llc,Jeff Flake,Republican,Individual,650,0,
Children's International, Llc,Rafael Edward Ted Cruz,Republican,Individual,1200,0,
Crompion International, Llc,William Cassidy,Republican,Individual,5200,0,
C & M International, Ltd,Rob Portman,\N,Individual,250,0,
Brokers International, Ltd.,Charles Grassley,Republican,Individual,1000,0,
C & M International, Ltd.,Rob Portman,\N,Individual,250,0,
Alliant International University,Al Franken,\N,Individual,1000,,412378,
Argonne National Laboratory,Al Franken,Democrat-Farm-Labor,Individual,250,,412378,
Berner International Corp,Al Franken,Democrat-Farm-Labor,Individual,2500,,412378,
Camris International,Al Franken,\N,Individual,2000,,412378,
Collectral International,Al Franken,Democrat-Farm-Labor,Individual,200,,412378,
Credit Union National Association,Al Franken,Democrat-Farm-Labor,,10000,,412378,
DORSEY NATIONAL FUND,Al Franken,\N,,7600,,412378,
ACA International,Amy Klobuchar,\N,,1000,,412242,
Berner International Corp,Amy Klobuchar,Democratic,Individual,500,,412242,
Credit Union National Association,Amy Klobuchar,Democratic,,7500,,412242,
DORSEY NATIONAL FUND,Amy Klobuchar,\N,,8750,,412242,
Anixter International,Andrea Zopp,Democratic,Individual,500,,0,
Airports Council International,Angus Stanley King Jr,Independent,Individual,1000,,412545,
Asa International Ltd.,Angus Stanley King Jr,Independent,Individual,500,,412545,
Cambio International,Angus Stanley King Jr,Independent,Individual,323,,412545,
Camden National Corporation,Angus Stanley King Jr,Independent,Individual,500,,412545,
Credit Union National Association,Angus Stanley King Jr,Independent,,10000,,412545,
ACA International,Arlen Specter,Republican,,5000,,0,
Axiom International Investors,Arlen Specter,Republican,Individual,300,,0,
Barthco International Inc.,Arlen Specter,Republican,Individual,3300,,0,
Baxter International,Arlen Specter,Republican,,1000,,0,
Bc International Group,Arlen Specter,Republican,Individual,1500,,0,
Choice Hotels International,Arlen Specter,Republican,Individual,1000,,0,
Credit Union National Association,Arlen Specter,Republican,,3000,,0,
Cruise Lines International Association,Arlen Specter,Republican,,0,,0,
DNC SERVICES CORPORATION/DEMOCRATIC NATIONAL COMMITTEE,Arlen Specter,Republican,,69,,0,
80-20 NATIONAL ASIAN AMERICAN PAC,Barbara Boxer,Democratic,,1000,,300011,
Arbonne International,Barbara Boxer,Democratic,Individual,250,,300011,
Armenian National Committee Pac,Barbara Boxer,Democratic,Unknown,2500,,300011,
Arminian National Committee Of America,Barbara Boxer,Democratic,Individual,250,,300011,
Australian Agency For International De,Barbara Boxer,Democratic,Individual,400,,300011,
Av International,Barbara Boxer,Democratic,Individual,1000,,300011,
Baxter International,Barbara Boxer,Democratic,Individual,2100,,300011,
Brookhaven National Laboratory,Barbara Boxer,Democratic,Individual,500,,300011,
City National Bank,Barbara Boxer,Democratic,Individual,400,,300011,
City National Corporation,Barbara Boxer,Democratic,Individual,1500,,300011,
Comcon International,Barbara Boxer,\N,Individual,2600,,300011,
Credit Union National Association,Barbara Boxer,Democratic,,10000,,300011,
Cruise Lines International Association,Barbara Boxer,Democratic,,2000,,300011,
Baxter International,Barbara Mikulski,Democratic,,2000,,300073,
Credit Union National Association,Barbara Mikulski,Democratic,,3500,,300073,
DNC SERVICES CORPORATION/DEMOCRATIC NATIONAL COMMITTEE,Barbara Mikulski,Democratic,,181,,300073,
American Defense International,Benjamin Cardin,Democratic,Individual,2000,,400064,
BROOKE HOLDINGS LLC AND JACKSON NATIONAL LIFE INSURANCE COMPANY SSF (JACKSON NATIONAL PAC),Benjamin Cardin,\N,,1500,,400064,
Baxter International,Benjamin Cardin,\N,,2000,,400064,
Building Owners and Managers Association International,Benjamin Cardin,Democratic,,1000,,400064,
Canadian National Railway,Benjamin Cardin,Democratic,Individual,1000,,400064,
Choice Hotels International,Benjamin Cardin,\N,Individual,7400,,400064,
Creative Associates International,Benjamin Cardin,Democratic,Individual,2500,,400064,
Credit Union National Association,Benjamin Cardin,\N,,1500,,400064,
Danya International,Benjamin Cardin,Democratic,Individual,1000,,400064,
AUTOMOTIVE FREE INTERNATIONAL TRADE PAC,Benjamin E Sasse,Republican,,5000,,412671,
BROOKE HOLDINGS LLC AND JACKSON NATIONAL LIFE INSURANCE COMPANY SSF (JACKSON NATIONAL PAC),Benjamin E Sasse,Republican,,1000,,412671,
Brinker International,Benjamin E Sasse,Republican,,1000,,412671,
Cash America International,Benjamin E Sasse,\N,,1000,,412671,
Credit Union National Association,Benjamin E Sasse,\N,,11500,,412671,
Credit Union National Association,Bernard Sanders,Independent,,10000,,400357,
AIRPORTS COUNCIL INTERNATIONAL-NORTH AMERICA POLITICAL ACTION COMMITTEE (AIRPORT PAC),Bill Nelson,Democratic,,4500,,300078,
Americable International Inc.,Bill Nelson,Democratic,Individual,250,,300078,
Berner International Corporation,Bill Nelson,Democratic,Individual,1000,,300078,
Brinker International,Bill Nelson,\N,,1000,,300078,
Collier International,Bill Nelson,Democratic,Individual,500,,300078,
Colliers International,Bill Nelson,Democratic,Individual,500,,300078,
Credit Union National Association,Bill Nelson,\N,,10500,,300078,
Cruise Lines International Association,Bill Nelson,\N,,13000,,300078,
AMEGY BANK  NATIONAL  ASSOC. POLITICAL ACTION COMMITTEE,Bill White,\N,,5000,,0,
American International,Bill White,\N,Individual,1000,,0,
Ba Research International,Bill White,\N,Individual,500,,0,
Camac International,Bill White,\N,Individual,2400,,0,
Cameron International,Bill White,\N,Individual,4800,,0,
Colliers International,Bill White,\N,Individual,4200,,0,
BROOKE HOLDINGS LLC AND JACKSON NATIONAL LIFE INSURANCE COMPANY SSF (JACKSON NATIONAL PAC),Blanche Lincoln,Democratic,,1000,,0,
Baxter International,Blanche Lincoln,Democratic,,11300,,0,
Brinker International,Blanche Lincoln,Democratic,,2000,,0,
Commercial National Bank,Blanche Lincoln,Democratic,Individual,1000,,0,
Credit Union National Association,Blanche Lincoln,Democratic,,4500,,0,
Cruise Lines International Association,Blanche Lincoln,Democratic,,1000,,0,
AUTOMOTIVE FREE INTERNATIONAL TRADE PAC,Bob Corker,Republican,,10000,,412248,
American International Group,Bob Corker,Republican,Individual,1000,,412248,
BROOKE HOLDINGS LLC AND JACKSON NATIONAL LIFE INSURANCE COMPANY SSF (JACKSON NATIONAL PAC),Bob Corker,\N,,5500,,412248,
Building Owners and Managers Association International,Bob Corker,\N,,4500,,412248,
Cao International,Bob Corker,Republican,Individual,500,,412248,
Cash America International,Bob Corker,\N,,7000,,412248,
Citizens National Bank,Bob Corker,Republican,Individual,4000,,412248,
Clegg International,Bob Corker,Republican,Individual,1000,,412248,
Community National Bank,Bob Corker,Republican,Individual,1000,,412248,
Credit Union National Association,Bob Corker,\N,,10000,,412248,
Baxter International,Brad Ellsworth,Democratic,Individual,1000,,0,
Calumet National Bank,Brad Ellsworth,Democratic,Individual,250,,0,
Credit Union National Association,Brad Ellsworth,Democratic,,10000,,0,
DNC SERVICES CORPORATION/DEMOCRATIC NATIONAL COMMITTEE,Brad Ellsworth,Democratic,,1004,,0,
C.g International,Brian Emanuel Schatz,Democratic,Individual,4000,,412507,
Cash America International,Brian Emanuel Schatz,Democratic,,5000,,412507,
Cds International,Brian Emanuel Schatz,Democratic,Individual,1000,,412507,
Choi International,Brian Emanuel Schatz,Democratic,Individual,8708,,412507,
Choice Hotels International,Brian Emanuel Schatz,Democratic,Individual,5200,,412507,
Colliers International,Brian Emanuel Schatz,Democratic,Individual,1250,,412507,
Credit Union National Association,Brian Emanuel Schatz,Democratic,,6000,,412507,
Cruise Lines International Association,Brian Emanuel Schatz,Democratic,,2000,,412507,
AUTOMOTIVE FREE INTERNATIONAL TRADE PAC,Bruce L Poliquin,\N,,3000,,0,
DEDICATED TO ESTABLISHING NATIONAL TEAMWORK PAC (DENT PAC),Bruce L Poliquin,\N,,1000,,0,
AIRPORTS COUNCIL INTERNATIONAL-NORTH AMERICA POLITICAL ACTION COMMITTEE (AIRPORT PAC),Byron Dorgan,Democratic,,1000,,0,
Camp Dresser & Mckee Inc. National,Byron Dorgan,Democratic,Unknown,-2500,,0,
Credit Union National Association,Byron Dorgan,Democratic,,15000,,0,
Cruise Lines International Association,Byron Dorgan,Democratic,,2000,,0,
DORSEY NATIONAL FUND,Byron Dorgan,Democratic,,1000,,0,
BROOKE HOLDINGS LLC AND JACKSON NATIONAL LIFE INSURANCE COMPANY SSF (JACKSON NATIONAL PAC),Carl Levin,\N,,1000,,0,
Amnesty International Usa,Catherine Cortez Masto,Democratic,Individual,300,,0,
Berner International Corporation,Catherine Cortez Masto,Democratic,Individual,1000,,0,
ACA International,Charles Grassley,Republican,,9500,,300048,
AUTOMOTIVE FREE INTERNATIONAL TRADE PAC,Charles Grassley,Republican,,10000,,300048,
Baxter International,Charles Grassley,Republican,,4000,,300048,
Brinker International,Charles Grassley,Republican,,1000,,300048,
Brokers International Ltd.,Charles Grassley,Republican,Individual,500,,300048,
Building Owners and Managers Association International,Charles Grassley,Republican,,3000,,300048,
CRST International,Charles Grassley,Republican,Individual,2000,,300048,
Credit Union National Association,Charles Grassley,Republican,,18000,,0,
Credit Union National Association,Charles Melancon,Democratic,,2500,,0,
DNC SERVICES CORPORATION/DEMOCRATIC NATIONAL COMMITTEE,Charles Melancon,Democratic,,1200,,300087,
80-20 NATIONAL ASIAN AMERICAN PAC,Charles Schumer,Democratic,,2000,,300087,
AIRPORTS COUNCIL INTERNATIONAL-NORTH AMERICA POLITICAL ACTION COMMITTEE (AIRPORT PAC),Charles Schumer,Democratic,,1000,,300087,
Allen Evans Klein International,Charles Schumer,\N,Individual,1200,,300087,
Association of National Advertisers,Charles Schumer,Democratic,Individual,2000,,300087,
Av International Inc,Charles Schumer,Democratic,Individual,2000,,300087,
Azrak-hamway International,Charles Schumer,Democratic,Individual,1000,,300087,
Brinker International,Charles Schumer,Democratic,,3500,,300087,
Building Owners and Managers Association International,Charles Schumer,Democratic,,2000,,300087,
Canandaigua National Bank,Charles Schumer,Democratic,Individual,2500,,300087,
Cash America International,Charles Schumer,Democratic,,1000,,300087,
Central National-Gottesman,Charles Schumer,Democratic,Individual,10600,,300087,
Choice Hotels International,Charles Schumer,Democratic,Individual,1000,,300087,
City National Bank,Charles Schumer,Democratic,Individual,16600,,300087,
Credit Union National Association,Charles Schumer,Democratic,,20000,,300087,
Children's National Health System,Chris Van Hollen,Democratic,Individual,250,,0,
80-20 NATIONAL ASIAN AMERICAN PAC,Christopher A Coons,Democratic,,1250,,412390,
Cash America International,Christopher A Coons,Democratic,,1000,,412390,
Credit Union National Association,Christopher A Coons,Democratic,,8000,,412390,
ACA International,Christopher Dodd,Democratic,,1000,,0,
Building Owners and Managers Association International,Christopher Dodd,Democratic,,2500,,0,
Cash America International,Christopher Dodd,Democratic,,4000,,0,
Cdm National Pac,Christopher Dodd,Democratic,Unknown,-5000,,0,
Credit Union National Association,Christopher Dodd,Democratic,Unknown,1000,,0,
American International Group,Christopher Murphy,Democratic,Individual,500,,412194,
Apptex International,Christopher Murphy,Democratic,Individual,3250,,412194,
Cap.comm.coll. And National Research A,Christopher Murphy,Democratic,Individual,200,,412194,
Capital International,Christopher Murphy,Democratic,Individual,1500,,412194,
Center for National Policy,Christopher Murphy,Democratic,Individual,1000,,412194,
Central National Gottesman Foundation,Christopher Murphy,Democratic,Individual,1750,,412194,
Credit Union National Association,Christopher Murphy,Democratic,,5500,,412194,
Afex International Inc,Claire Mccaskill,Democratic,Individual,250,,412243,
Afex International Inc.,Claire Mccaskill,Democratic,Individual,250,,412243,
Agexplore International,Claire Mccaskill,Democratic,Individual,2400,,412243,
American International Group,Claire Mccaskill,Democratic,Individual,2000,,412243,
Argount National Lab,Claire Mccaskill,Democratic,Individual,200,,412243,
BROOKE HOLDINGS LLC AND JACKSON NATIONAL LIFE INSURANCE COMPANY SSF (JACKSON NATIONAL PAC),Claire Mccaskill,\N,,1000,,412243,
Brinker International,Claire Mccaskill,\N,,1000,,412243,
Brookham National Lab,Claire Mccaskill,Democratic,Individual,500,,412243,
Credit Union National Association,Claire Mccaskill,\N,,5750,,412243,
Cruise Lines International Association,Claire Mccaskill,\N,,1000,,412243,
DORSEY NATIONAL FUND,Claire Mccaskill,Democratic,,5000,,412243,
AUTOMOTIVE FREE INTERNATIONAL TRADE PAC,Cory A Booker,Democratic,,2500,,412598,
Abs-cbn International,Cory A Booker,Democratic,Individual,200,,412598,
Childrens National Medical Center,Cory A Booker,Democratic,Individual,2000,,412598,
Colliers International,Cory A Booker,Democratic,Individual,250,,412598,
Communications International,Cory A Booker,Democratic,Individual,2600,,412598,
Cory International,Cory A Booker,Democratic,Individual,500,,412598,
Cra International,Cory A Booker,Democratic,Individual,1000,,412598,
Credit Union National Association,Cory A Booker,\N,,11500,,412598,
Cruise Lines International Association,Cory A Booker,\N,,5000,,412598,
DORSEY NATIONAL FUND,Cory A Booker,Democratic,,2600,,412598,
AUTOMOTIVE FREE INTERNATIONAL TRADE PAC,Dan Sullivan,Republican,,5000,,412665,
Air National Guard,Dan Sullivan,Republican,Individual,250,,412665,
Alaska National Insurance Company,Dan Sullivan,Republican,Individual,2250,,412665,
Amarillo National Bank,Dan Sullivan,Republican,Individual,750,,412665,
Citizens National Bank,Dan Sullivan,Republican,Individual,500,,412665,
Credit Union National Association,Dan Sullivan,Republican,Individual,250,,412665,
Cruise Lines International Association,Dan Sullivan,\N,,2000,,412665,
American International Group,Daniel Inouye,Democratic,Individual,2400,,0,
Cruise Lines International Association,Daniel Inouye,Democratic,,1000,,0,
1st National Bank,Daniel R Coats,Republican,Individual,2400,,402675,
ACA International,Daniel R Coats,Republican,,2000,,402675,
AUTOMOTIVE FREE INTERNATIONAL TRADE PAC,Daniel R Coats,Republican,,10000,,402675,
Baxter International,Daniel R Coats,\N,,1000,,402675,
Cash America International,Daniel R Coats,\N,,1500,,402675,
AUTOMOTIVE FREE INTERNATIONAL TRADE PAC,David Perdue,Republican,,10000,,412666,
Conestoga International,David Perdue,Republican,Individual,1000,,412666,
Credit Union National Association,David Perdue,\N,,1000,,412666,
ACA International,David Vitter,Republican,,2500,,400418,
AIRPORTS COUNCIL INTERNATIONAL-NORTH AMERICA POLITICAL ACTION COMMITTEE (AIRPORT PAC),David Vitter,Republican,,1000,,400418,
AUTOMOTIVE FREE INTERNATIONAL TRADE PAC,David Vitter,Republican,,7500,,400418,
Automotive Free International Pac,David Vitter,Republican,Unknown,-2500,,400418,
Cash America International,David Vitter,Republican,,8500,,400418,
Credit Union National Association,David Vitter,Republican,,5000,,400418,
AUTOMOTIVE FREE INTERNATIONAL TRADE PAC,David Young,Republican,,2500,,0,
American Defense International,David Young,Republican,Individual,2250,,0,
ACA International,Dean Heller,Republican,,10000,,412218,
AUTOMOTIVE FREE INTERNATIONAL TRADE PAC,Dean Heller,Republican,,10000,,412218,
Capital International Inc.,Dean Heller,Republican,Individual,2000,,412218,
Cash America International,Dean Heller,Republican,,8500,,412218,
Colliers International,Dean Heller,Republican,Individual,2500,,412218,
Credit Union National Association,Dean Heller,\N,,5500,,412218,
ACA International,Debbie Ann Stabenow,\N,,1000,,300093,
American Defense International,Debbie Ann Stabenow,\N,Individual,500,,300093,
American International Group,Debbie Ann Stabenow,Democratic,Individual,500,,300093,
Avalon International Breads,Debbie Ann Stabenow,Democratic,Individual,2000,,300093,
BROOKE HOLDINGS LLC AND JACKSON NATIONAL LIFE INSURANCE COMPANY SSF (JACKSON NATIONAL PAC),Debbie Ann Stabenow,\N,,3400,,300093,
Brookhaven National Laboratory,Debbie Ann Stabenow,Democratic,Individual,250,,300093,
Building Owners and Managers Association International,Debbie Ann Stabenow,\N,,1000,,300093,
Credit Union National Association,Debbie Ann Stabenow,Democratic,,12000,,300093,
DORSEY NATIONAL FUND,Debbie Ann Stabenow,\N,,1000,,300093,
1st National Bank Of Omaha,Debra S Fischer,Republican,Individual,500,,412556,
ACA International,Debra S Fischer,Republican,,2500,,412556,
AUTOMOTIVE FREE INTERNATIONAL TRADE PAC,Debra S Fischer,Republican,,5000,,412556,
American National Bank,Debra S Fischer,Republican,Individual,250,,412556,
Beatrice National Bank & Trust,Debra S Fischer,Republican,Individual,1000,,412556,
Brinker International,Debra S Fischer,Republican,,1000,,412556,
Credit Union National Association,Debra S Fischer,Republican,,16500,,300043,
Archeon International Group,Dianne Feinstein,Democratic,Individual,2500,,300043,
Baxter International,Dianne Feinstein,\N,,2500,,300043,
City National Bank,Dianne Feinstein,Democratic,Individual,4200,,300043,
Credit Union National Association,Dianne Feinstein,\N,,12500,,300043,
Axiom International Investors,Edward W Gillespie,\N,Individual,2600,,412223,
Credit Union National Association,Edward W Gillespie,\N,Individual,1600,,412223,
Cybex International Inc.,"Elizabeth \Liz\"" Cheney""",Republican,Individual,5200,,0,
Advent International,Elizabeth Warren,Democratic,Individual,250,,412542,
American International Group,Elizabeth Warren,Democratic,Individual,250,,412542,
Argonne National Laboratory,Elizabeth Warren,Democratic,Individual,250,,412542,
Autopart International,Elizabeth Warren,Democratic,Individual,4250,,412542,
Av International,Elizabeth Warren,Democratic,Individual,2500,,412542,
Berner International Corporation,Elizabeth Warren,Democratic,Individual,2000,,412542,
Best Western International Inc,Elizabeth Warren,Democratic,Individual,1000,,412542,
Brookham National Lab,Elizabeth Warren,Democratic,Individual,500,,412542,
Carnegie Endowment For International P,Elizabeth Warren,Democratic,Individual,1000,,412542,
Central National-Gottesman,Elizabeth Warren,Democratic,Individual,1250,,412542,
Chemlube International,Elizabeth Warren,Democratic,Individual,500,,412542,
Choice Hotels International,Elizabeth Warren,Democratic,Individual,1000,,412542,
City National Bank,Elizabeth Warren,Democratic,Individual,250,,412542,
Cna National Warranty Corp.,Elizabeth Warren,Democratic,Individual,250,,412542,
Collectral International,Elizabeth Warren,Democratic,Individual,1000,,412542,
Credit Union National Association,Elizabeth Warren,Democratic,,6000,,412542,
AUTOMOTIVE FREE INTERNATIONAL TRADE PAC,Evan Bayh,Democratic,,10000,,0,
Automotive Free International Trad,Evan Bayh,Democratic,Unknown,-5000,,0,
Baxter International,Evan Bayh,Democratic,,1000,,0,
Credit Union National Association,Evan Bayh,Democratic,,4000,,0,
AIRPORTS COUNCIL INTERNATIONAL-NORTH AMERICA POLITICAL ACTION COMMITTEE (AIRPORT PAC),Frank Lautenberg,\N,,2000,,0,
Credit Union National Association,Frank Lautenberg,\N,,1000,,0,
Cimmaron International Corp,Frank Pallone,\N,Individual,500,,0,
Advent International,Gabriel Gomez,Republican,Individual,37350,,0,
Colliers International,Gabriel Gomez,Republican,Individual,4850,,0,
BROOKE HOLDINGS LLC AND JACKSON NATIONAL LIFE INSURANCE COMPANY SSF (JACKSON NATIONAL PAC),Gary Peters,\N,,7500,,412305,
Baxter International,Gary Peters,Democratic,Individual,250,,412305,
Credit Union National Association,Gary Peters,\N,,12500,,412305,
AIRPORTS COUNCIL INTERNATIONAL-NORTH AMERICA POLITICAL ACTION COMMITTEE (AIRPORT PAC),Harry Reid,Democratic,,6000,,300082,
Amex International Inc.,Harry Reid,Democratic,Individual,1000,,300082,
Bc International Group,Harry Reid,Democratic,Individual,6800,,300082,
Berner International Corporation,Harry Reid,Democratic,Individual,750,,300082,
Bioarts International,Harry Reid,Democratic,Individual,2400,,300082,
Brinker International,Harry Reid,Democratic,,1000,,300082,
Building Owners and Managers Association International,Harry Reid,Democratic,,5000,,300082,
CONFERENCE OF NATIONAL PARK CONCESSIONERS POLITICAL ACTION COMMITTEE (CONPAC),Harry Reid,Democratic,,1200,,300082,
Cash America International,Harry Reid,Democratic,,13000,,300082,
Choice Hotels International,Harry Reid,Democratic,Individual,4800,,300082,
City National Bank,Harry Reid,Democratic,Individual,7400,,300082,
Credit Union National Association,Harry Reid,Democratic,Individual,11250,,300082,
Cruise Lines International Association,Harry Reid,Democratic,,9000,,300082,
DNC SERVICES CORPORATION/DEMOCRATIC NATIONAL COMMITTEE,Harry Reid,Democratic,,1205,,300082,
DORSEY NATIONAL FUND,Harry Reid,Democratic,,3400,,300082,
Danya International,Harry Reid,Democratic,Individual,1000,,300082,
Army National Guard,Heidi Heitkamp,Democratic,Individual,500,,412554,
Credit Union National Association,Heidi Heitkamp,Democratic,,11000,,412554,
DORSEY NATIONAL FUND,Heidi Heitkamp,Democratic,,1500,,412554,
Ani International,inc,Mark Kirk,Republican,Individual,250,0,
1st National Bank & Trust Co,James Inhofe,Republican,Individual,1000,,300055,
AUTOMOTIVE FREE INTERNATIONAL TRADE PAC,James Inhofe,Republican,,10000,,300055,7500
Bluewater International,James Inhofe,Republican,Individual,2000,,300055,2500
City National Bank,James Inhofe,\N,Individual,1450,,300055,5000
Army National Guard,Jason Kander,Democratic,Individual,1200,,0,2500
Albany International,Jeanne Shaheen,Democratic,Individual,5200,,412323,3000
Barrett Sothebys International,Jeanne Shaheen,Democratic,Individual,1000,,412323,1500
Berner International Corp.,Jeanne Shaheen,Democratic,Individual,500,,412323,1500
Brookhaven National Lab,Jeanne Shaheen,Democratic,Individual,500,,412323,2500
Building Owners and Managers Association International,Jeanne Shaheen,\N,,5000,,412323,2000
Cash America International,Jeanne Shaheen,Democratic,,2500,,412323,5000
Credit Union National Association,Jeanne Shaheen,\N,,10000,,412323,7500
AUTOMOTIVE FREE INTERNATIONAL TRADE PAC,Jeff Flake,Republican,,10000,,400134,5000
Associates International Inc.,Jeff Flake,Republican,Individual,2000,,400134,1500
DEDICATED TO ESTABLISHING NATIONAL TEAMWORK PAC (DENT PAC),Jeff Flake,Republican,,500,,400134,2500
AUTOMOTIVE FREE INTERNATIONAL TRADE PAC,Jefferson Sessions,Republican,,5000,,300088,7500
Credit Union National Association,Jefferson Sessions,Republican,,4500,,300088,2500
Afex International,Jeffrey Alan Merkley,Democratic,Individual,500,,412325,3000
American Pacific International Capital,Jeffrey Alan Merkley,\N,Individual,2500,,412325,1500
Capital International,Jeffrey Alan Merkley,Democratic,Individual,2250,,412325,4000
Capitol International,Jeffrey Alan Merkley,Democratic,Individual,2250,,412325,2500
City National Bank,Jeffrey Alan Merkley,Democratic,Individual,3600,,412325,1500
Credit Union National Association,Jeffrey Alan Merkley,\N,,16000,,412325,3000
1st National Bank,Jerry Moran,Republican,Individual,7000,,400284,3000
ACA International,Jerry Moran,Republican,,1000,,400284,5000
AIRPORTS COUNCIL INTERNATIONAL-NORTH AMERICA POLITICAL ACTION COMMITTEE (AIRPORT PAC),Jerry Moran,Republican,,1500,,400284,5000
AUTOMOTIVE FREE INTERNATIONAL TRADE PAC,Jerry Moran,Republican,,7500,,400284,5000
Blue Beacon International,Jerry Moran,Republican,Individual,2250,,400284,10000
Brinker International,Jerry Moran,Republican,,1000,,400284,
Cash America International,Jerry Moran,\N,,5000,,400284,
Central National Bank,Jerry Moran,Republican,Individual,11086,,400284,
Citizens National,Jerry Moran,\N,Individual,500,,400284,
Citizens National Bank,Jerry Moran,\N,Individual,250,,400284,
Credit Union National Association,Jerry Moran,\N,,0,,400284,
Building Owners and Managers Association International,Jim Bunning,Republican,,1000,,0,
Credit Union National Association,Jim Bunning,Republican,,1500,,0,
ACA International,Jim Demint,Republican,,5000,,0,
AIRPORTS COUNCIL INTERNATIONAL-NORTH AMERICA POLITICAL ACTION COMMITTEE (AIRPORT PAC),Jim Demint,Republican,,1000,,0,
AUTOMOTIVE FREE INTERNATIONAL TRADE PAC,Jim Demint,Republican,,5000,,0,
American International Group,Jim Demint,Republican,Individual,1000,,0,
BROOKE HOLDINGS LLC AND JACKSON NATIONAL LIFE INSURANCE COMPANY SSF (JACKSON NATIONAL PAC),Jim Demint,Republican,,1000,,0,
Cash America International,Jim Demint,Republican,,4000,,0,
Colite International,Jim Demint,Republican,Individual,500,,0,
Credit Union National Association,Jim Demint,Republican,,8000,,0,
Cruise Lines International Association,Jim Demint,Republican,,2000,,0,
Cruise Lines International Association,Jim Webb,\N,,2000,,0,
Arbonne International,Joe Donnelly,Democratic,Individual,2500,,412205,
Cash America International,Joe Donnelly,\N,,5000,,412205,
Credit Union National Association,Joe Donnelly,Democratic,,2000,,412205,
Aviation International News,Joe Manchin Iii,Democratic,Individual,1000,,412391,
Blackheart International,Joe Manchin Iii,Democratic,Individual,1250,,412391,
Brinker International,Joe Manchin Iii,\N,,2500,,412391,
Camris International,Joe Manchin Iii,Democratic,Individual,1000,,412391,
Capitol International,Joe Manchin Iii,Democratic,Individual,2500,,412391,
Cash America International,Joe Manchin Iii,Democratic,,0,,412391,
City National Bank,Joe Manchin Iii,Democratic,Individual,1500,,412391,
Credit Union National Association,Joe Manchin Iii,Democratic,,17500,,412391,
Ahs International,Joe Sestak,Democratic,Individual,2200,,0,
American International Group,Joe Sestak,Democratic,Individual,700,,0,
Av International,Joe Sestak,Democratic,Individual,1000,,0,
Berner International,Joe Sestak,Democratic,Individual,2400,,0,
Berner International Corp,Joe Sestak,Democratic,Individual,4500,,0,
Cameron International,Joe Sestak,\N,Individual,5200,,0,
Credit Union National Association,Joe Sestak,Democratic,,5000,,0,
AUTOMOTIVE FREE INTERNATIONAL TRADE PAC,John Barrasso,Republican,,5000,,412251,
Baxter International,John Barrasso,\N,,2000,,412251,
Building Owners and Managers Association International,John Barrasso,Republican,,2500,,412251,
Cammeby's International,John Barrasso,Republican,Individual,1000,,412251,
Capital International,John Barrasso,Republican,Individual,3000,,412251,
Cash America International,John Barrasso,Republican,,3000,,412251,
AUTOMOTIVE FREE INTERNATIONAL TRADE PAC,John Boozman,Republican,,5000,,400040,
Baxter International,John Boozman,\N,,1500,,400040,
CRST International,John Boozman,\N,Individual,250,,400040,
Choise Hotels International,John Boozman,Republican,Individual,1000,,400040,
Colliers International,John Boozman,Republican,Individual,2600,,400040,
Credit Union National Association,John Boozman,Republican,,3000,,400040,
ACA International,John Cornyn,\N,,2500,,300027,
AUTOMOTIVE FREE INTERNATIONAL TRADE PAC,John Cornyn,Republican,,10000,,300027,
Alok International Inc,John Cornyn,Republican,Individual,5100,,300027,
Amarillo National Bank,John Cornyn,\N,Individual,6450,,300027,
BROOKE HOLDINGS LLC AND JACKSON NATIONAL LIFE INSURANCE COMPANY SSF (JACKSON NATIONAL PAC),John Cornyn,\N,,1000,,300027,
Baxter International,John Cornyn,Republican,,5000,,300027,
Brenahm National Bank,John Cornyn,Republican,Individual,500,,300027,
Brenham National,John Cornyn,Republican,Individual,500,,300027,
Brenham National Bank,John Cornyn,Republican,Individual,1500,,300027,
Brinker International,John Cornyn,Republican,,10000,,300027,
Building Owners and Managers Association International,John Cornyn,\N,,3500,,300027,
Cash America International,John Cornyn,\N,,8750,,300027,
Cash America International Inc Pac,John Cornyn,\N,Unknown,2500,,300027,
Central National Bank,John Cornyn,Republican,Individual,250,,300027,
Citizens National Bank,John Cornyn,\N,Individual,1500,,300027,
Cobalt International Energy,John Cornyn,Republican,Individual,1000,,300027,
Community National Bank,John Cornyn,Republican,Individual,500,,300027,
Credit Union National Association,John Cornyn,\N,,10000,,300027,
Curves International,John Cornyn,Republican,Individual,10400,,300027,
Cruise Lines International Association,John Ensign,\N,,1000,,0,
1st National Bank,John Hoeven,Republican,Individual,2400,,412494,
ACA International,John Hoeven,Republican,,1000,,412494,
AUTOMOTIVE FREE INTERNATIONAL TRADE PAC,John Hoeven,Republican,,10000,,412494,
Action Committee For Rural Electrification. (acre) National Rural Electric Cooperative,John Hoeven,\N,Unknown,1250,,412494,
Capital International,John Hoeven,Republican,Individual,1000,,412494,
Cash America International,John Hoeven,\N,,1500,,412494,
Credit Union National Association,John Hoeven,Republican,,18500,,412494,
DORSEY NATIONAL FUND,John Hoeven,Republican,,1000,,412494,
AUTOMOTIVE FREE INTERNATIONAL TRADE PAC,John Isakson,Republican,,15000,,400194,
American International Gp,John Isakson,Republican,Individual,1000,,400194,
American International Group,John Isakson,Republican,Individual,500,,400194,
Building Owners and Managers Association International,John Isakson,Republican,,7500,,400194,
Colorchem International Corp.,John Isakson,\N,Individual,500,,400194,
Credit Union National Association,John Isakson,Republican,,7500,,400194,
Cruise Lines International Association,John Kerry,\N,,1000,,0,
AUTOMOTIVE FREE INTERNATIONAL TRADE PAC,John Mccain,Republican,,10000,,300071,
Air Transport International,John Mccain,\N,Individual,500,,300071,
Armitage International,John Mccain,Republican,Individual,500,,300071,
Chiquita Brands International,John Mccain,Republican,Individual,4800,,300071,
Colliers International,John Mccain,Republican,Individual,250,,300071,
Credit Union National Association,John Mccain,Republican,,3000,,300071,
Anteon International Corp.,John Reed,\N,Individual,1000,,,
BROOKE HOLDINGS LLC AND JACKSON NATIONAL LIFE INSURANCE COMPANY SSF (JACKSON NATIONAL PAC),John Reed,Democratic,,1000,,,
Baxter International,John Reed,Democratic,Individual,450,,,
Brinker International,John Reed,Democratic,,1000,,,
Building Owners and Managers Association International,John Reed,\N,,1000,,,
Credit Union National Association,John Reed,\N,,11000,,,
AIRPORTS COUNCIL INTERNATIONAL-NORTH AMERICA POLITICAL ACTION COMMITTEE (AIRPORT PAC),John Rockefeller,\N,,2500,,,
Cruise Lines International Association,John Rockefeller,\N,,5000,,,
ACA International,John Thune,Republican,,11000,,,
AIRPORTS COUNCIL INTERNATIONAL-NORTH AMERICA POLITICAL ACTION COMMITTEE (AIRPORT PAC),John Thune,Republican,,3500,,,
AUTOMOTIVE FREE INTERNATIONAL TRADE PAC,John Thune,Republican,,10000,,,
Associates International Inc,John Thune,Republican,Individual,2650,,,
BROOKE HOLDINGS LLC AND JACKSON NATIONAL LIFE INSURANCE COMPANY SSF (JACKSON NATIONAL PAC),John Thune,Republican,,1000,,,
Brinker International,John Thune,Republican,,2500,,,
Building Owners and Managers Association International,John Thune,\N,,2500,,,
Cash America International,John Thune,Republican,,3000,,,
Credit Union National Association,John Thune,Republican,,14500,,,
Cruise Lines International Association,John Thune,Republican,,6000,,,
Alliance For International Educational,Jon Tester,Democratic,Individual,250,,,
Brookside International Inc.,Jon Tester,Democratic,Individual,1000,,,
Capital International,Jon Tester,Democratic,Individual,1000,,,
Cash America International,Jon Tester,\N,,4000,,,
Childrens National Medical Center,Jon Tester,Democratic,Individual,250,,,
Choice Hotels International,Jon Tester,Democratic,Individual,500,,,
City National Bank,Jon Tester,Democratic,Individual,13000,,,
City National Corporation,Jon Tester,Democratic,Individual,5000,,,
Conservation International,Jon Tester,Democratic,Individual,1500,,,
Credit Union National Association,Jon Tester,Democratic,,15500,,,
DORSEY NATIONAL FUND,Jon Tester,Democratic,,11095,,,
ACA International,Joni K Ernst,Republican,,2500,,,
AUTOMOTIVE FREE INTERNATIONAL TRADE PAC,Joni K Ernst,Republican,,5000,,,
Brinker International,Joni K Ernst,Republican,,2000,,,
Credit Union National Association,Joni K Ernst,\N,,5000,,,
DORSEY NATIONAL FUND,Joni K Ernst,Republican,,500,,,
Cruise Lines International Association,Kay Hutchison,\N,,1000,,,
Baxter International,Kay R Hagan,\N,,5400,,,
AUTOMOTIVE FREE INTERNATIONAL TRADE PAC,Kelly A Ayotte,Republican,,10000,,,
American Defense International,Kelly A Ayotte,Republican,Individual,500,,,
American National Bank,Kelly A Ayotte,\N,Individual,250,,,
Commerce National Bank,Kelly A Ayotte,\N,Individual,1250,,,
Continental National Bank,Kelly A Ayotte,\N,Individual,250,,,
Credit Union National Association,Kelly A Ayotte,Republican,,10000,,,
Alkalife International,Kendrick Meek,Democratic,Individual,250,,,
Cao International,Kendrick Meek,Democratic,Individual,500,,,
City National Bank,Kendrick Meek,Democratic,Individual,4800,,,
Colliers International,Kendrick Meek,Democratic,Individual,1000,,,
Concessions International,Kendrick Meek,Democratic,Individual,500,,,
Credit Union National Association,Kendrick Meek,Democratic,,5000,,,
DNC SERVICES CORPORATION/DEMOCRATIC NATIONAL COMMITTEE,Kendrick Meek,Democratic,,20,,,
ACA International,Kenneth R Buck,Republican,,2500,,,
Alliant National Title Insurance Co.,Kenneth R Buck,Republican,Individual,250,,,
Crestcom International Ltd.,Kenneth R Buck,Republican,Individual,3600,,,
Baxter International,Kent Conrad,\N,,2000,,,
Active International,Kirsten Gillibrand,Democratic,Individual,1750,,,
American International Group,Kirsten Gillibrand,Democratic,Individual,2750,,,
American Jewish International Relation,Kirsten Gillibrand,Democratic,Individual,500,,,
Andrews International,Kirsten Gillibrand,Democratic,Individual,1000,,,
Association of National Advertisers,Kirsten Gillibrand,Democratic,Individual,1000,,,
Bc International Group,Kirsten Gillibrand,Democratic,Individual,1000,,,
Berner International Corp,Kirsten Gillibrand,Democratic,Individual,500,,,
Brookhaven National Laboratory,Kirsten Gillibrand,Democratic,Individual,500,,,
Cash America International,Kirsten Gillibrand,Democratic,,12250,,,
Center For International Security,Kirsten Gillibrand,Democratic,Individual,2500,,,
Choice Hotels International,Kirsten Gillibrand,Democratic,Individual,2400,,,
City National Bank,Kirsten Gillibrand,Democratic,Individual,5000,,,
Cra International,Kirsten Gillibrand,Democratic,Individual,2000,,,
Credit Union National Association,Kirsten Gillibrand,Democratic,,19000,,,
Argonne National Lab,L Tammy Duckworth,Democratic,Individual,250,,,
AUTOMOTIVE FREE INTERNATIONAL TRADE PAC,Lamar Alexander,Republican,,10000,,,
BROOKE HOLDINGS LLC AND JACKSON NATIONAL LIFE INSURANCE COMPANY SSF (JACKSON NATIONAL PAC),Lamar Alexander,Republican,,5500,,,
Baxter International,Lamar Alexander,Republican,,5000,,,
Brinker International,Lamar Alexander,Republican,,3000,,,
Credit Union National Association,Lamar Alexander,Republican,,9000,,,
A To Z Nutrition International,Lindsey Graham,\N,Individual,1000,,,
AUTOMOTIVE FREE INTERNATIONAL TRADE PAC,Lindsey Graham,Republican,,10000,,,
American Defense International,Lindsey Graham,Republican,Individual,3500,,,
American International Group,Lindsey Graham,Republican,Individual,5200,,,
Ameron International Corp.,Lindsey Graham,Republican,Individual,500,,,
Capital International,Lindsey Graham,Republican,Individual,8700,,,
Carecore National,Lindsey Graham,Republican,Individual,1500,,,
Carolina International Trucks,Lindsey Graham,Republican,Individual,1000,,,
Colite International,Lindsey Graham,Republican,Individual,2600,,,
Credit Union National Association,Lindsey Graham,Republican,,3500,,,
AUTOMOTIVE FREE INTERNATIONAL TRADE PAC,Lisa Murkowski,Republican,,15000,,,
Alaska Army National Guard,Lisa Murkowski,Republican,Individual,200,,,
Alaska National Insurance,Lisa Murkowski,Republican,Individual,2400,,,
Alaska National Insurance Co.,Lisa Murkowski,Republican,Individual,2000,,,
All Axiom International Investors,Lisa Murkowski,Republican,Individual,5400,,,
Brinker International,Lisa Murkowski,Republican,,2500,,,
Building Owners and Managers Association International,Lisa Murkowski,Republican,,3500,,,
Credit Union National Association,Lisa Murkowski,Republican,,7000,,,
Cruise Lines International Association,Lisa Murkowski,Republican,,2000,,,
Archeon International Group,Loretta Sanchez,Democratic,Individual,1000,,,
Cra International,Loretta Sanchez,Democratic,Individual,1000,,,
Culac The Pac Of Credit Union National Association,Loretta Sanchez,Democratic,Unknown,5000,,,
Ac International Inc,Marco Rubio,Republican,Individual,240,,,
American Defense International,Marco Rubio,\N,Individual,2000,,,
Axiom International,Marco Rubio,Republican,Individual,2400,,,
Axiom International Investors,Marco Rubio,\N,Individual,400,,,
Baxter International,Marco Rubio,\N,,0,,,
Beacon National Insurance,Marco Rubio,Republican,Individual,1100,,,
Brinker International,Marco Rubio,\N,,1000,,,
CONSERVATIVE NATIONAL COMMITTEE (FKA-CONGRESSIONAL MAJORITY COMMITTEE),Marco Rubio,Republican,,250,,,
Choice Hotels International,Marco Rubio,\N,Individual,2000,,,
Clinicomp International,Marco Rubio,\N,Individual,800,,,
Colliers International,Marco Rubio,Republican,Individual,1000,,,
Credit Union National Association,Marco Rubio,Republican,,6000,,,
Cruise Lines International Association,Marco Rubio,\N,,4500,,,
Curves International,Marco Rubio,Republican,Individual,2400,,,
Airport Council International,Maria Cantwell,Democratic,Individual,500,,,
Altig International,Maria Cantwell,Democratic,Individual,5000,,,
Credit Union National Association,Maria Cantwell,\N,Individual,500,,,
Cruise Lines International Association,Maria Cantwell,Democratic,,500,,,
ACA International,Marion Michael Rounds,Republican,,2500,,,
AUTOMOTIVE FREE INTERNATIONAL TRADE PAC,Marion Michael Rounds,Republican,,10000,,,
Comcon International,Marion Michael Rounds,Republican,Individual,500,,,
Credit Union National Association,Marion Michael Rounds,Republican,,10000,,,
DORSEY NATIONAL FUND,Marion Michael Rounds,Republican,,500,,,
Credit Union National Association,Mark Begich,\N,,1000,,,
Cruise Lines International Association,Mark Begich,\N,,5500,,,
DORSEY NATIONAL FUND,Mark Begich,\N,,2500,,,
Cash America International,Mark Eugene Amodei,\N,,1000,,,
ACA International,Mark Kirk,Republican,,7000,,,
AUTOMOTIVE FREE INTERNATIONAL TRADE PAC,Mark Kirk,Republican,,10000,,,
Argonne National Laboratory,Mark Kirk,Republican,Individual,200,,,
BROOKE HOLDINGS LLC AND JACKSON NATIONAL LIFE INSURANCE COMPANY SSF (JACKSON NATIONAL PAC),Mark Kirk,\N,,1500,,,
Baxter International,Mark Kirk,Republican,,42950,,,
Cash America International,Mark Kirk,Republican,,3000,,,
Colliers International,Mark Kirk,Republican,Individual,2000,,,
Cornerstone National Bank,Mark Kirk,Republican,Individual,4800,,,
Corporation For International Business,Mark Kirk,Republican,Individual,250,,,
Cra International,Mark Kirk,Republican,Individual,7500,,,
Credit Union National Association,Mark Kirk,Republican,,11000,,,
Baxter International,Mark Pryor,\N,,1000,,,
Cash America International,Mark Pryor,\N,,1000,,,
AMEGY BANK  NATIONAL  ASSOC. POLITICAL ACTION COMMITTEE,Mark Robert Warner,\N,,1500,,,
AUTOMOTIVE FREE INTERNATIONAL TRADE PAC,Mark Robert Warner,Democratic,,10000,,,
Advanced Solutions International,Mark Robert Warner,Democratic,Individual,250,,,
Advansoft International,Mark Robert Warner,Democratic,Individual,300,,,
Akoo International,Mark Robert Warner,\N,Individual,1000,,,
Alliant National,Mark Robert Warner,Democratic,Individual,250,,,
American National Bank,Mark Robert Warner,Democratic,Individual,500,,,
Association of National Advertisers,Mark Robert Warner,Democratic,Individual,250,,,
Av International,Mark Robert Warner,\N,Individual,2500,,,
Boma International,Mark Robert Warner,Democratic,Individual,375,,,
Building Owners and Managers Association International,Mark Robert Warner,Democratic,,1000,,,
Cash America International,Mark Robert Warner,Democratic,,1500,,,
Contrack International,Mark Robert Warner,\N,Individual,2000,,,
Corporation For National Research Init,Mark Robert Warner,Democratic,Individual,2600,,,
Creative Associates International,Mark Robert Warner,Democratic,Individual,300,,,
Credit Union National Association,Mark Robert Warner,\N,,13250,,,
Cruise Lines International Association,Mark Robert Warner,\N,,11500,,,
Alem International,Mark Udall,\N,Individual,1000,,,
American International Group,Mark Udall,\N,,-1000,,,
CONFERENCE OF NATIONAL PARK CONCESSIONERS POLITICAL ACTION COMMITTEE (CONPAC),Mark Udall,\N,,9000,,,
Credit Union National Association,Mark Udall,\N,,8500,,,
Capital International,Martin Heinrich,Democratic,Individual,1000,,,
Cash America International,Martin Heinrich,Democratic,,7350,,,
Clen Aguas International School,Martin Heinrich,Democratic,Individual,250,,,
Credit Union National Association,Martin Heinrich,Democratic,,12000,,,
Access National Bank,Mary Landrieu,\N,Individual,1000,,,
American Jewish International Relation,Mary Landrieu,\N,Individual,250,,,
Arkel International,Mary Landrieu,\N,Individual,2200,,,
Credit Union National Association,Mary Landrieu,\N,,2000,,,
Cruise Lines International Association,Mary Landrieu,\N,,3000,,,
AIRPORTS COUNCIL INTERNATIONAL-NORTH AMERICA POLITICAL ACTION COMMITTEE (AIRPORT PAC),Max Baucus,\N,,1000,,,
Baxter International,Max Baucus,\N,,2000,,,
Credit Union National Association,Max Baucus,\N,,4000,,,
American International Resources Inc.,Mazie Hirono,Democratic,Individual,1000,,,
American Jewish International Relation,Mazie Hirono,Democratic,Individual,250,,,
Atr International,Mazie Hirono,Democratic,Individual,250,,,
Choi International,Mazie Hirono,\N,Individual,500,,,
Credit Union National Association,Mazie Hirono,Democratic,,13500,,,
Cruise Lines International Association,Mazie Hirono,Democratic,,5000,,,
BROOKE HOLDINGS LLC AND JACKSON NATIONAL LIFE INSURANCE COMPANY SSF (JACKSON NATIONAL PAC),Michael Capuano,Democratic,,1000,,,
Credit Union National Association,Michael Capuano,Democratic,,5000,,,
AUTOMOTIVE FREE INTERNATIONAL TRADE PAC,Michael Castle,Republican,,5000,,,
Brinker International,Michael Castle,Republican,,2500,,,
Choice Hotels International,Michael Castle,Republican,Individual,1000,,,
Credit Union National Association,Michael Castle,Republican,,16000,,,
ACA International,Michael Crapo,\N,,2000,,,
AUTOMOTIVE FREE INTERNATIONAL TRADE PAC,Michael Crapo,Republican,,10000,,,
BROOKE HOLDINGS LLC AND JACKSON NATIONAL LIFE INSURANCE COMPANY SSF (JACKSON NATIONAL PAC),Michael Crapo,Republican,,7000,,,
Building Owners and Managers Association International,Michael Crapo,Republican,,1000,,,
Cash America International,Michael Crapo,Republican,,10000,,,
Credit Union National Association,Michael Crapo,Republican,,20000,,,
AUTOMOTIVE FREE INTERNATIONAL TRADE PAC,Michael Enzi,Republican,,5000,,,
Axiom International,Michael Enzi,Republican,Individual,2600,,,
Baxter International,Michael Enzi,\N,,1000,,,
Building Owners and Managers Association International,Michael Enzi,Republican,,3500,,,
Capital International,Michael Enzi,Republican,Individual,2600,,,
Credit Union National Association,Michael Enzi,Republican,,1000,,,
American Society Of International Law,Michael F Bennet,Democratic,Individual,4800,,,
Argonne National Laboratory,Michael F Bennet,Democratic,Individual,2000,,,
BROOKE HOLDINGS LLC AND JACKSON NATIONAL LIFE INSURANCE COMPANY SSF (JACKSON NATIONAL PAC),Michael F Bennet,Democratic,,4500,,,
Boulder National Organization For Wome,Michael F Bennet,Democratic,Individual,200,,,
Brinker International,Michael F Bennet,Democratic,,2500,,,
Center For International Policy,Michael F Bennet,Democratic,Individual,500,,,
City National,Michael F Bennet,Democratic,Individual,2000,,,
City National Bank,Michael F Bennet,Democratic,Individual,13200,,,
City National Corporation,Michael F Bennet,Democratic,Individual,1000,,,
Combine International,Michael F Bennet,Democratic,Individual,4800,,,
Credit Union National Association,Michael F Bennet,Democratic,,10000,,,
DNC SERVICES CORPORATION/DEMOCRATIC NATIONAL COMMITTEE,Michael F Bennet,Democratic,,948,,,
DORSEY NATIONAL FUND,Michael F Bennet,Democratic,,2400,,,
AUTOMOTIVE FREE INTERNATIONAL TRADE PAC,Mike Lee,Republican,,3000,,,
Argonne National Laboratory,Mike Lee,Republican,Individual,500,,,
Axtom International Investors,Mike Lee,Republican,Individual,2500,,,
Credit Union National Association,Mike Lee,Republican,,12500,,,
A.v. International,Mitch Mcconnell,\N,Individual,5000,,,
ACA International,Mitch Mcconnell,Republican,,5000,,,
AIRPORTS COUNCIL INTERNATIONAL-NORTH AMERICA POLITICAL ACTION COMMITTEE (AIRPORT PAC),Mitch Mcconnell,Republican,,1000,,,
AUTOMOTIVE FREE INTERNATIONAL TRADE PAC,Mitch Mcconnell,Republican,,10000,,,
Alaska National Insurance Company,Mitch Mcconnell,\N,Individual,3000,,,
Am J International Relations Institue,Mitch Mcconnell,Republican,Individual,500,,,
American National Rubber Co.,Mitch Mcconnell,Republican,Individual,250,,,
American National University,Mitch Mcconnell,Republican,Individual,2600,,,
Associates International,Mitch Mcconnell,\N,Individual,1000,,,
Axiom International Investors Llc,Mitch Mcconnell,\N,Individual,8300,,,
Axion International Llc,Mitch Mcconnell,Republican,Individual,2600,,,
BROOKE HOLDINGS LLC AND JACKSON NATIONAL LIFE INSURANCE COMPANY SSF (JACKSON NATIONAL PAC),Mitch Mcconnell,Republican,,1500,,,
Baxter International,Mitch Mcconnell,Republican,,2500,,,
Bedminster International,Mitch Mcconnell,Republican,Individual,1000,,,
Bluemont International,Mitch Mcconnell,Republican,Individual,1000,,,
Brinker International,Mitch Mcconnell,\N,,7500,,,
Building Owners and Managers Association International,Mitch Mcconnell,\N,,2500,,,
Canadian National,Mitch Mcconnell,\N,Individual,500,,,
Cash America International,Mitch Mcconnell,\N,,5000,,,
Citizens National Bank,Mitch Mcconnell,\N,Individual,3500,,,
City National Bank Of Florida,Mitch Mcconnell,\N,Individual,500,,,
Cobalt International Energy,Mitch Mcconnell,Republican,Individual,500,,,
Colliers International,Mitch Mcconnell,\N,Individual,1000,,,
Conational Inc.,Mitch Mcconnell,Republican,Individual,1000,,,
Condor International Advisors,Mitch Mcconnell,Republican,Individual,5200,,,
Consolidated National Corp.,Mitch Mcconnell,\N,Individual,1000,,,
Credit Union National Association,Mitch Mcconnell,\N,,9000,,,
Cruise Lines International Association,Mitch Mcconnell,Republican,,2000,,,
AUTOMOTIVE FREE INTERNATIONAL TRADE PAC,Mr James E Risch,Republican,,10000,,,
Credit Union National Association,Mr James E Risch,\N,,4500,,,
Colliers International,Norm Coleman,\N,Individual,300,,,
AIRPORTS COUNCIL INTERNATIONAL-NORTH AMERICA POLITICAL ACTION COMMITTEE (AIRPORT PAC),Olympia Snowe,\N,,2000,,,
Airports Council International,Olympia Snowe,\N,Individual,1000,,,
Credit Union National Association,Olympia Snowe,\N,,1500,,,
AIRPORTS COUNCIL INTERNATIONAL-NORTH AMERICA POLITICAL ACTION COMMITTEE (AIRPORT PAC),Orrin Hatch,Republican,,1500,,,
AUTOMOTIVE FREE INTERNATIONAL TRADE PAC,Orrin Hatch,Republican,,10000,,,
Adjusters International,Orrin Hatch,Republican,Individual,500,,,
Axiom International Investors,Orrin Hatch,Republican,Individual,2500,,,
BROOKE HOLDINGS LLC AND JACKSON NATIONAL LIFE INSURANCE COMPANY SSF (JACKSON NATIONAL PAC),Orrin Hatch,Republican,,4000,,,
Baxter International,Orrin Hatch,\N,,8500,,,
Bonneville International Corp,Orrin Hatch,\N,Individual,250,,,
Building Owners and Managers Association International,Orrin Hatch,Republican,,2000,,,
Chiquita Brands International,Orrin Hatch,\N,Individual,4800,,,
Cobalt International Energy,Orrin Hatch,\N,Individual,1000,,,
Credit Union National Association,Orrin Hatch,Republican,,12000,,,
Compassion International,Owen Hill,Republican,Individual,2860,,,
1st National Bank,Pat Roberts,Republican,Individual,250,,,
AUTOMOTIVE FREE INTERNATIONAL TRADE PAC,Pat Roberts,Republican,,10000,,,
American Defense International,Pat Roberts,Republican,Individual,500,,,
Blue Beacon International,Pat Roberts,Republican,Individual,1000,,,
Building Owners and Managers Association International,Pat Roberts,Republican,,1000,,,
Central National Bank,Pat Roberts,Republican,Individual,1750,,,
Central National Bank-junction City,Pat Roberts,Republican,Individual,1000,,,
Citizens National Bank,Pat Roberts,Republican,Individual,500,,,
Community National Bank,Pat Roberts,Republican,Individual,250,,,
ACA International,Patrick Joseph Toomey,\N,,2000,,,
AUTOMOTIVE FREE INTERNATIONAL TRADE PAC,Patrick Joseph Toomey,Republican,,15000,,,
Air Transport International,Patrick Joseph Toomey,Republican,Individual,2090,,,
American Insl. International Steel,Patrick Joseph Toomey,Republican,Individual,250,,,
Army National Guard,Patrick Joseph Toomey,Republican,Individual,250,,,
BROOKE HOLDINGS LLC AND JACKSON NATIONAL LIFE INSURANCE COMPANY SSF (JACKSON NATIONAL PAC),Patrick Joseph Toomey,Republican,,4500,,,
CONSERVATIVE NATIONAL COMMITTEE (FKA-CONGRESSIONAL MAJORITY COMMITTEE),Patrick Joseph Toomey,Republican,,250,,,
Cammeby's International,Patrick Joseph Toomey,Republican,Individual,2250,,,
Cash America International,Patrick Joseph Toomey,\N,,12500,,,
Cigars International,Patrick Joseph Toomey,Republican,Individual,8900,,,
Compliance Management International,Patrick Joseph Toomey,\N,Individual,500,,,
Credit Union National Association,Patrick Joseph Toomey,Republican,,5500,,,
Cruise Lines International Association,Patrick Joseph Toomey,\N,,1000,,,
DEDICATED TO ESTABLISHING NATIONAL TEAMWORK PAC (DENT PAC),Patrick Joseph Toomey,Republican,,3000,,,
Credit Union National Association,Patrick Leahy,Democratic,,4500,,,
AIRPORTS COUNCIL INTERNATIONAL-NORTH AMERICA POLITICAL ACTION COMMITTEE (AIRPORT PAC),Patty Murray,Democratic,,2000,,,
AUTOMOTIVE FREE INTERNATIONAL TRADE PAC,Patty Murray,Democratic,,5000,,,
American Defense International,Patty Murray,Democratic,Individual,500,,,
Ami International,Patty Murray,Democratic,Individual,7800,,,
Atl International,Patty Murray,\N,Individual,1000,,,
Atl International Inc.,Patty Murray,Democratic,Individual,2000,,,
Attig International,Patty Murray,Democratic,Individual,225,,,
Bloxom Company International,Patty Murray,Democratic,Individual,250,,,
Brookhaven National Laboratory,Patty Murray,Democratic,Individual,250,,,
Colliers International,Patty Murray,Democratic,Individual,250,,,
Community Voice Mail National Office,Patty Murray,Democratic,Individual,300,,,
Credit Union National Association,Patty Murray,Democratic,,17000,,,
Cruise Lines International Association,Patty Murray,Democratic,,4000,,,
Center Focus International,Paul Hodes,Democratic,Individual,250,,,
City National Corporation,Paul Hodes,Democratic,Individual,500,,,
ACA International,Rafael Edward Ted Cruz,Republican,,2500,,,
AUTOMOTIVE FREE INTERNATIONAL TRADE PAC,Rafael Edward Ted Cruz,Republican,,5000,,,
Amarillo National Bank,Rafael Edward Ted Cruz,Republican,Individual,3350,,,
American International Group,Rafael Edward Ted Cruz,Republican,Individual,250,,,
Benchmark Hospitality International,Rafael Edward Ted Cruz,Republican,Individual,250,,,
Brenham National Bank,Rafael Edward Ted Cruz,Republican,Individual,2500,,,
Brinker International Inc. Pac,Rafael Edward Ted Cruz,Republican,Unknown,2000,,,
CONSERVATIVE NATIONAL COMMITTEE (FKA-CONGRESSIONAL MAJORITY COMMITTEE),Rafael Edward Ted Cruz,Republican,,1000,,,
Capital International Investors,Rafael Edward Ted Cruz,\N,Individual,2000,,,
Cash America International,Rafael Edward Ted Cruz,Republican,Individual,250,,,
Cobalt International Energy,Rafael Edward Ted Cruz,Republican,Individual,3750,,,
Cobalt Iternational Energy,Rafael Edward Ted Cruz,Republican,Individual,1250,,,
Cobat International Energy,Rafael Edward Ted Cruz,\N,Individual,2600,,,
Colliers International,Rafael Edward Ted Cruz,Republican,Individual,2750,,,
Copeland Consulting International,Rafael Edward Ted Cruz,Republican,Individual,250,,,
Council For National Policy,Rafael Edward Ted Cruz,Republican,Individual,2500,,,
Credit Union National Association,Rafael Edward Ted Cruz,Republican,,15000,,,
Crown Castle International,Rafael Edward Ted Cruz,Republican,Individual,2500,,,
Crown Castle International Corp,Rafael Edward Ted Cruz,Republican,Individual,5000,,,
Cybex International,Rafael Edward Ted Cruz,\N,Individual,2600,,,
AUTOMOTIVE FREE INTERNATIONAL TRADE PAC,Rand Paul,Republican,,5000,,,
Apex International,Rand Paul,Republican,Individual,200,,,
Baxter International,Rand Paul,Republican,Individual,400,,,
Beverly International Nutrition,Rand Paul,Republican,Individual,250,,,
CONSERVATIVE NATIONAL COMMITTEE (FKA-CONGRESSIONAL MAJORITY COMMITTEE),Rand Paul,Republican,,250,,,
Citizens National Bank,Rand Paul,Republican,Individual,500,,,
Cokem International,Rand Paul,Republican,Individual,500,,,
Credit Union National Association,Rand Paul,Republican,,20000,,,
Agt International,Richard Blumenthal,Democratic,Individual,250,,,
Castleton Commodities International,Richard Blumenthal,Democratic,Individual,500,,,
Center for National Policy,Richard Blumenthal,Democratic,Individual,600,,,
Credit Union National Association,Richard Blumenthal,Democratic,,5000,,,
Cruise Lines International Association,Richard Blumenthal,Democratic,,2500,,,
AUTOMOTIVE FREE INTERNATIONAL TRADE PAC,Richard Burr,Republican,,15000,,,
Alliance One International  Inc. P,Richard Burr,Republican,Unknown,-1000,,,
BROOKE HOLDINGS LLC AND JACKSON NATIONAL LIFE INSURANCE COMPANY SSF (JACKSON NATIONAL PAC),Richard Burr,Republican,,3000,,,
Baxter International,Richard Burr,Republican,,8000,,,
Brinker International,Richard Burr,Republican,,6500,,,
Colliers International,Richard Burr,Republican,Individual,1000,,,
Am J International Relations Institute,Richard Durbin,Democratic,Individual,500,,,
Argonne National Lab,Richard Durbin,Democratic,Individual,250,,,
Argonne National Labopratory,Richard Durbin,Democratic,Individual,250,,,
Argonne National Laboratory,Richard Durbin,Democratic,Individual,250,,,
Brinker International,Richard Durbin,\N,,11000,,,
Cellulose Sciences International,Richard Durbin,Democratic,Individual,250,,,
ACA International,Richard Shelby,Republican,,7000,,,
Axiom International Investors,Richard Shelby,Republican,Individual,2400,,,
BROOKE HOLDINGS LLC AND JACKSON NATIONAL LIFE INSURANCE COMPANY SSF (JACKSON NATIONAL PAC),Richard Shelby,Republican,,4000,,,
Building Owners and Managers Association International,Richard Shelby,Republican,,2500,,,
Cash America International,Richard Shelby,\N,,8000,,,
Credit Union National Association,Richard Shelby,Republican,,17500,,,
ACA International,Rob Portman,Republican,,5000,,,
AUTOMOTIVE FREE INTERNATIONAL TRADE PAC,Rob Portman,Republican,,10000,,,
Acpac Aca International Political Action Committee,Rob Portman,\N,Unknown,-2500,,,
Arrow International,Rob Portman,\N,Individual,2600,,,
Arrow International Inc.,Rob Portman,\N,Individual,2400,,,
Axiom International Investor,Rob Portman,Republican,Individual,4800,,,
Axiom International Investors Llc,Rob Portman,Republican,Individual,2700,,,
Axlom International Investor,Rob Portman,\N,Individual,2600,,,
Baxter International,Rob Portman,Republican,Individual,2500,,,
Brinker International,Rob Portman,Republican,,4500,,,
Building Owners and Managers Association International,Rob Portman,\N,,6000,,,
Chiquita Brands International,Rob Portman,Republican,Individual,19200,,,
Chiqulta Brands International,Rob Portman,Republican,Individual,500,,,
Credit Union National Association,Rob Portman,\N,,11000,,,
Cruise Lines International Association,Rob Portman,Republican,,2500,,,
ACA International,Robert Andrews,\N,,6250,,,
Atas International,Robert Casey,\N,Individual,1000,,,
Berner International Corporation,Robert Casey,\N,Individual,4800,,,
Building Owners and Managers Association International,Robert Casey,Democratic,,1000,,,
Cigars International,Robert Casey,Democratic,Individual,5000,,,
Columbia County Farmers National Bank,Robert Casey,Democratic,Individual,500,,,
Consolidated National Insurance,Robert Casey,Democratic,Individual,250,,,
Credit Union National Association,Robert Casey,\N,,9000,,,
AIRPORTS COUNCIL INTERNATIONAL-NORTH AMERICA POLITICAL ACTION COMMITTEE (AIRPORT PAC),Robert Men¥Ë_ndez,Democratic,,1000,,,
Altig International,Robert Men¥Ë_ndez,Democratic,Individual,2500,,,
Amegy National Bank,Robert Men¥Ë_ndez,\N,Individual,1000,,,
American International Group,Robert Men¥Ë_ndez,Democratic,Individual,1001,,,
Barquin International,Robert Men¥Ë_ndez,Democratic,Individual,500,,,
Bella International Corporation,Robert Men¥Ë_ndez,\N,Individual,800,,,
Building Owners and Managers Association International,Robert Men¥Ë_ndez,\N,,2500,,,
Camac International,Robert Men¥Ë_ndez,Democratic,Individual,5000,,,
Capital International,Robert Men¥Ë_ndez,Democratic,Individual,2000,,,
Cash America International,Robert Men¥Ë_ndez,\N,,21900,,,
Choice Hotels International,Robert Men¥Ë_ndez,Democratic,Individual,5000,,,
Cimmaron International Corporation,Robert Men¥Ë_ndez,Democratic,Individual,5000,,,
Credit Union National Association,Robert Men¥Ë_ndez,Democratic,,9000,,,
Cruise Lines International Association,Robert Men¥Ë_ndez,Democratic,,1000,,,
DORSEY NATIONAL FUND,Robert Men¥Ë_ndez,Democratic,,1000,,,
Axiom International,Robert R Simmons,Republican,Individual,2400,,,
AUTOMOTIVE FREE INTERNATIONAL TRADE PAC,Roger Wicker,Republican,,10000,,,
Automotive Free International Trade PAC,Roger Wicker,\N,Individual,250,,,
Baxter International,Roger Wicker,\N,,1000,,,
Canadian National Railway Comp,Roger Wicker,Republican,Individual,500,,,
Credit Union National Association,Roger Wicker,Republican,,13000,,,
Cruise Lines International Association,Roger Wicker,\N,,1000,,,
Amarillo National Bank,Roger Williams,\N,Individual,500,,,
American National Bank,Roger Williams,\N,Individual,1000,,,
Cash America International,Roger Williams,\N,Individual,1500,,,
Citizens National Bank,Roger Williams,\N,Individual,2000,,,
AIRPORTS COUNCIL INTERNATIONAL-NORTH AMERICA POLITICAL ACTION COMMITTEE (AIRPORT PAC),Ron Wyden,Democratic,,1500,,,
American International School,Ron Wyden,Democratic,Individual,5000,,,
Arcadia International,Ron Wyden,Democratic,Individual,500,,,
Artco Group International,Ron Wyden,Democratic,Individual,1000,,,
BROOKE HOLDINGS LLC AND JACKSON NATIONAL LIFE INSURANCE COMPANY SSF (JACKSON NATIONAL PAC),Ron Wyden,Democratic,,1000,,,
Baxter International,Ron Wyden,Democratic,,5500,,,
Blount International Inc,Ron Wyden,Democratic,Individual,2400,,,
Central National-Gottesman,Ron Wyden,Democratic,Individual,500,,,
Choice Hotels International Inc,Ron Wyden,Democratic,Individual,5400,,,
Credit Union National Association,Ron Wyden,Democratic,,12500,,,
Cruise Lines International Association,Ron Wyden,Democratic,,3500,,,
1st. National Community Bank,Ronald Harold Johnson,Republican,Individual,200,,,
ACA International,Ronald Harold Johnson,Republican,,10000,,,
AUTOMOTIVE FREE INTERNATIONAL TRADE PAC,Ronald Harold Johnson,Republican,,15000,,,
Amerilux International,Ronald Harold Johnson,\N,Individual,200,,,
Axiom International Investors,Ronald Harold Johnson,Republican,Individual,5400,,,
CONSERVATIVE NATIONAL COMMITTEE (FKA-CONGRESSIONAL MAJORITY COMMITTEE),Ronald Harold Johnson,Republican,,250,,,
Credit Union National Association,Ronald Harold Johnson,Republican,Individual,1000,,,
Cruise Lines International Association,Ronald Harold Johnson,\N,,1000,,,
ACA International,Roy Blunt,Republican,,9500,,,
AUTOMOTIVE FREE INTERNATIONAL TRADE PAC,Roy Blunt,Republican,,15000,,,
Acpac Aca International Pac,Roy Blunt,\N,Unknown,-2000,,,
American Defense International,Roy Blunt,Republican,Individual,500,,,
American International Aluminum,Roy Blunt,Republican,Individual,500,,,
American International Automobile Dealers Association,Roy Blunt,Republican,Individual,1000,,,
Austin National Financial Serv,Roy Blunt,Republican,Individual,1000,,,
BROOKE HOLDINGS LLC AND JACKSON NATIONAL LIFE INSURANCE COMPANY SSF (JACKSON NATIONAL PAC),Roy Blunt,Republican,,1000,,,
Boone County National Bank,Roy Blunt,Republican,Individual,1500,,,
Booneville International Corp.,Roy Blunt,Republican,Individual,200,,,
Brinker International,Roy Blunt,Republican,,5000,,,
Cash America International,Roy Blunt,\N,,2500,,,
Credit Union National Association,Roy Blunt,Republican,,16000,,,
DEDICATED TO ESTABLISHING NATIONAL TEAMWORK PAC (DENT PAC),Roy Blunt,Republican,,500,,,
Brookhaven National Laboratory,Rush Holt,\N,Individual,1000,,,
American International School Of Abuja,Russell Feingold,Democratic,Individual,1000,,,
Baxter International,Russell Feingold,Democratic,Individual,500,,,
Best Western International Inc,Russell Feingold,Democratic,Individual,1000,,,
Canadian National Railroad,Russell Feingold,Democratic,Individual,500,,,
Catalyst International,Russell Feingold,Democratic,Individual,1000,,,
Cra International,Russell Feingold,Democratic,Individual,1000,,,
Credit Union National Association,Russell Feingold,Democratic,,3750,,,
DNC SERVICES CORPORATION/DEMOCRATIC NATIONAL COMMITTEE,Russell Feingold,Democratic,,308,,,
AUTOMOTIVE FREE INTERNATIONAL TRADE PAC,Saxby Chambliss,\N,,10000,,,
American International Movers,Saxby Chambliss,\N,Individual,1000,,,
BROOKE HOLDINGS LLC AND JACKSON NATIONAL LIFE INSURANCE COMPANY SSF (JACKSON NATIONAL PAC),Saxby Chambliss,\N,,0,,,
Credit Union National Association,Saxby Chambliss,\N,,3000,,,
Credit Union National Association,Sheldon Whitehouse,Democratic,,5000,,,
ACA International,Shelley Capito,Republican,,5000,,,
AUTOMOTIVE FREE INTERNATIONAL TRADE PAC,Shelley Capito,Republican,,10000,,,
American Defense International,Shelley Capito,Republican,Individual,750,,,
American International Automobile Dealers Association,Shelley Capito,Republican,Individual,500,,,
Cash America International,Shelley Capito,Republican,,1000,,,
City National Bank,Shelley Capito,Republican,Individual,3350,,,
Continental National Bank,Shelley Capito,Republican,Individual,300,,,
Credit Union National Association,Shelley Capito,Republican,Individual,1000,,,
Argonne National Lab,Sherrod Brown,Democratic,Individual,450,,,
BROOKE HOLDINGS LLC AND JACKSON NATIONAL LIFE INSURANCE COMPANY SSF (JACKSON NATIONAL PAC),Sherrod Brown,\N,,1000,,,
Cash America International,Sherrod Brown,Democratic,,5000,,,
Children's National Medical Center,Sherrod Brown,Democratic,Individual,500,,,
Choice Hotels International,Sherrod Brown,Democratic,Individual,3000,,,
Coldwell Banker International,Sherrod Brown,Democratic,Individual,1000,,,
Colliers International,Sherrod Brown,Democratic,Individual,4800,,,
Credit Union National Association,Sherrod Brown,Democratic,,9000,,,
Cruise Lines International Association,Sherrod Brown,\N,,1500,,,
Colliers International,Stephen Lynch,\N,Individual,250,,,
Cash America International,Steven Daines,\N,,1500,,,
Credit Union National Association,Steven Daines,\N,,1500,,,
AIRPORTS COUNCIL INTERNATIONAL-NORTH AMERICA POLITICAL ACTION COMMITTEE (AIRPORT PAC),Susan Collins,\N,,4000,,,
AUTOMOTIVE FREE INTERNATIONAL TRADE PAC,Susan Collins,Republican,,10000,,,
American Defense International,Susan Collins,Republican,Individual,1000,,,
Camden National Bank,Susan Collins,Republican,Individual,1250,,,
Civil Support International,Susan Collins,Republican,Individual,1000,,,
Credit Union National Association,Susan Collins,\N,,11000,,,
American International Group,Tammy Baldwin,Democratic,Individual,1000,,,
Americantours International,Tammy Baldwin,Democratic,Individual,500,,,
Baxter International,Tammy Baldwin,Democratic,Individual,750,,,
Cellulose Sciences International,Tammy Baldwin,Democratic,Individual,3500,,,
Choice Hotels International,Tammy Baldwin,Democratic,Individual,1000,,,
City National Bank,Tammy Baldwin,Democratic,Individual,250,,,
Credit Union National Association,Tammy Baldwin,Democratic,,11000,,,
Che International Group,Ted Strickland,Democratic,Individual,250,,,
AUTOMOTIVE FREE INTERNATIONAL TRADE PAC,Thad Cochran,Republican,,10000,,,
Baxter International,Thad Cochran,Republican,,2500,,,
Credit Union National Association,Thad Cochran,Republican,,10000,,,
AUTOMOTIVE FREE INTERNATIONAL TRADE PAC,Thom R Tillis,Republican,,5000,,,
Ab International,Thom R Tillis,Republican,Individual,3000,,,
Brinker International,Thom R Tillis,Republican,,1000,,,
Colliers International,Thom R Tillis,Republican,Individual,2000,,,
Credit Union National Association,Thom R Tillis,Republican,,5000,,,
80-20 NATIONAL ASIAN AMERICAN PAC,Thomas Carper,Democratic,,1500,,,
Brinker International,Thomas Carper,\N,,1000,,,
Colliers International - Baltimore,Thomas Carper,Democratic,Individual,2000,,,
Credit Union National Association,Thomas Carper,Democratic,,8500,,,
ACA International,Thomas Coburn,Republican,,10000,,,
AUTOMOTIVE FREE INTERNATIONAL TRADE PAC,Thomas Coburn,Republican,,5000,,,
Credit Union National Association,Thomas Coburn,Republican,,5000,,,
Brinker International,Thomas Cotton,\N,,0,,,
Collico International,Thomas Del Beccaro,Republican,Individual,250,,,
Baxter International,Thomas Harkin,\N,,1000,,,
Com Products International,Thomas Harkin,\N,Individual,500,,,
ACA International,Tim Johnson,\N,,1000,,,
Credit Union National Association,Tim Johnson,\N,,5000,,,
Access National Bank,Timothy Michael Kaine,Democratic,Individual,500,,,
American International Group,Timothy Michael Kaine,Democratic,Individual,1500,,,
Av International,Timothy Michael Kaine,Democratic,Individual,2500,,,
BROOKE HOLDINGS LLC AND JACKSON NATIONAL LIFE INSURANCE COMPANY SSF (JACKSON NATIONAL PAC),Timothy Michael Kaine,\N,,2500,,,
Baxter International,Timothy Michael Kaine,Democratic,Individual,250,,,
Berner International Corp,Timothy Michael Kaine,Democratic,Individual,500,,,
Brooks International,Timothy Michael Kaine,Democratic,Individual,250,,,
Bureau Of National Affairs,Timothy Michael Kaine,Democratic,Individual,250,,,
Childfund International,Timothy Michael Kaine,Democratic,Individual,400,,,
Children's National,Timothy Michael Kaine,Democratic,Individual,250,,,
Colliers International,Timothy Michael Kaine,Democratic,Individual,250,,,
Conservation International,Timothy Michael Kaine,Democratic,Individual,450,,,
Cox International Associates,Timothy Michael Kaine,Democratic,Individual,250,,,
Creative Associates International,Timothy Michael Kaine,Democratic,Individual,3200,,,
Credit Union National Association,Timothy Michael Kaine,Democratic,,11750,,,
Cruise Lines International Association,Timothy Michael Kaine,Democratic,,2000,,,
AUTOMOTIVE FREE INTERNATIONAL TRADE PAC,Timothy Scott,Republican,,15000,,,
Asis International,Timothy Scott,Republican,Individual,500,,,
BROOKE HOLDINGS LLC AND JACKSON NATIONAL LIFE INSURANCE COMPANY SSF (JACKSON NATIONAL PAC),Timothy Scott,Republican,,3500,,,
Baxter International,Timothy Scott,Republican,,1000,,,
Brinker International,Timothy Scott,Republican,,1000,,,
Building Owners and Managers Association International,Timothy Scott,Republican,,1000,,,
Credit Union National Association,Timothy Scott,Republican,,16500,,,
Cruise Lines International Association,Timothy Scott,Republican,,3000,,,
Aub International,Tom Udall,Democratic,Individual,500,,,
Carlsbad National Bank,Tom Udall,Democratic,Individual,450,,,
Credit Union National Association,Tom Udall,\N,,-2000,,,
AUTOMOTIVE FREE INTERNATIONAL TRADE PAC,William Cassidy,Republican,,10000,,,
Amarillo National Bank,William Cassidy,Republican,Individual,6400,,,
Brinker International Inc. Political Action Committee,William Cassidy,Republican,Unknown,2500,,,
Brooks International,William Cassidy,Republican,Individual,2600,,300048,